BEGIN TRANSACTION;
CREATE TABLE IF NOT EXISTS admin_users (
    id TEXT PRIMARY KEY,
    username TEXT UNIQUE NOT NULL,
    password_hash TEXT NOT NULL,
    full_name TEXT NOT NULL,
    email TEXT NOT NULL,
    role TEXT DEFAULT 'admin', -- 'admin', 'super_admin'
    created_at DATETIME DEFAULT CURRENT_TIMESTAMP,
    last_login DATETIME,
    is_active BOOLEAN DEFAULT TRUE
);
CREATE TABLE IF NOT EXISTS assessment_codes (
    code TEXT PRIMARY KEY,
    created_at DATETIME DEFAULT CURRENT_TIMESTAMP,
    created_by TEXT NOT NULL, -- admin user who created it
    expires_at DATETIME,
    is_used BOOLEAN DEFAULT FALSE,
    organization_name TEXT,
    intended_recipient TEXT,
    notes TEXT,
    usage_count INTEGER DEFAULT 0,
    max_uses INTEGER DEFAULT 1,
    FOREIGN KEY (created_by) REFERENCES admin_users (id)
);
CREATE TABLE IF NOT EXISTS assessment_results (
    id TEXT PRIMARY KEY,
    session_id TEXT NOT NULL,
    overall_score REAL NOT NULL,
    overall_maturity_level TEXT NOT NULL,
    strengths_summary_en TEXT,
    strengths_summary_ar TEXT,
    improvement_areas_en TEXT,
    improvement_areas_ar TEXT,
    recommendations_en TEXT,
    recommendations_ar TEXT,
    generated_at DATETIME DEFAULT CURRENT_TIMESTAMP,
    FOREIGN KEY (session_id) REFERENCES assessment_sessions (id)
);
CREATE TABLE IF NOT EXISTS assessment_sessions (
    id TEXT PRIMARY KEY,
    user_id TEXT NOT NULL,
    session_start DATETIME DEFAULT CURRENT_TIMESTAMP,
    session_end DATETIME,
    status TEXT DEFAULT 'in_progress', -- 'in_progress', 'completed', 'abandoned'
    language_preference TEXT DEFAULT 'en', -- 'en' or 'ar'
    total_questions INTEGER,
    answered_questions INTEGER DEFAULT 0,
    completion_percentage REAL DEFAULT 0,
    FOREIGN KEY (user_id) REFERENCES "users0" (id)
);
CREATE TABLE IF NOT EXISTS audit_logs (
    id TEXT PRIMARY KEY,
    user_type TEXT NOT NULL, -- 'admin', 'user'
    user_id TEXT,
    action TEXT NOT NULL,
    details TEXT,
    ip_address TEXT,
    timestamp DATETIME DEFAULT CURRENT_TIMESTAMP
);
CREATE TABLE IF NOT EXISTS domains (
    id TEXT PRIMARY KEY,
    name_en TEXT NOT NULL,
    name_ar TEXT NOT NULL,
    description_en TEXT,
    description_ar TEXT,
    display_order INTEGER
);
CREATE TABLE IF NOT EXISTS email_logs (
    id TEXT PRIMARY KEY,
    session_id TEXT NOT NULL,
    recipient_email TEXT NOT NULL,
    email_type TEXT NOT NULL, -- 'executive_summary', 'pdf_report', 'code_notification'
    sent_at DATETIME DEFAULT CURRENT_TIMESTAMP,
    status TEXT DEFAULT 'pending', -- 'sent', 'failed', 'pending'
    error_message TEXT,
    FOREIGN KEY (session_id) REFERENCES assessment_sessions (id)
);
CREATE TABLE IF NOT EXISTS maturity_levels (
    level_number INTEGER PRIMARY KEY,
    level_name TEXT NOT NULL,
    level_description_en TEXT NOT NULL,
    level_description_ar TEXT NOT NULL,
    score_range_min REAL NOT NULL,
    score_range_max REAL NOT NULL,
    color_code TEXT -- For visualization
);
CREATE TABLE IF NOT EXISTS question_options (
    id TEXT PRIMARY KEY,
    question_id TEXT NOT NULL,
    option_key TEXT NOT NULL, -- 'A', 'B', 'C', 'D', 'E', 'NA', 'NS'
    option_text_en TEXT NOT NULL,
    option_text_ar TEXT NOT NULL,
    score_value INTEGER NOT NULL, -- 1-5 for A-E, 0 for NA/NS
    maturity_level TEXT, -- 'Initial', 'Developing', 'Defined', 'Advanced', 'Optimized'
    explanation_en TEXT,
    explanation_ar TEXT,
    display_order INTEGER,
    FOREIGN KEY (question_id) REFERENCES questions (id)
);
CREATE TABLE IF NOT EXISTS questions (
    id TEXT PRIMARY KEY,
    subdomain_id TEXT,
    title_en TEXT,
    title_ar TEXT,
    text_en TEXT,
    text_ar TEXT,
    scenario_en TEXT,
    scenario_ar TEXT,
    icon TEXT,
    display_order INTEGER,
    FOREIGN KEY (subdomain_id) REFERENCES subdomains (id)
);
CREATE TABLE IF NOT EXISTS roles (
    id TEXT PRIMARY KEY,
    name_en TEXT NOT NULL,
    name_ar TEXT NOT NULL,
    description_en TEXT,
    description_ar TEXT,
    focus_en TEXT,
    focus_ar TEXT,
    recommendations_en TEXT,
    recommendations_ar TEXT,
    display_order INTEGER
);
CREATE TABLE IF NOT EXISTS session_scores (
    id TEXT PRIMARY KEY,
    session_id TEXT NOT NULL,
    domain_id TEXT,
    subdomain_id TEXT,
    score_type TEXT NOT NULL, -- 'domain', 'subdomain', 'overall'
    raw_score REAL NOT NULL,
    percentage_score REAL NOT NULL,
    maturity_level TEXT NOT NULL,
    questions_answered INTEGER NOT NULL,
    total_questions INTEGER NOT NULL,
    calculated_at DATETIME DEFAULT CURRENT_TIMESTAMP,
    FOREIGN KEY (session_id) REFERENCES assessment_sessions (id),
    FOREIGN KEY (domain_id) REFERENCES domains (id),
    FOREIGN KEY (subdomain_id) REFERENCES subdomains (id)
);
CREATE TABLE IF NOT EXISTS subdomains (
    id TEXT PRIMARY KEY,
    domain_id TEXT NOT NULL,
    name_en TEXT NOT NULL,
    name_ar TEXT NOT NULL,
    description_en TEXT,
    description_ar TEXT,
    display_order INTEGER,
    FOREIGN KEY (domain_id) REFERENCES domains (id)
);
CREATE TABLE IF NOT EXISTS user_responses (
    id TEXT PRIMARY KEY,
    session_id TEXT NOT NULL,
    question_id TEXT NOT NULL,
    option_key TEXT NOT NULL, -- 'A', 'B', 'C', 'D', 'E', 'NA'
    score_value INTEGER NOT NULL,
    answered_at DATETIME DEFAULT CURRENT_TIMESTAMP, assessment_code TEXT,
    FOREIGN KEY (session_id) REFERENCES assessment_sessions (id),
    FOREIGN KEY (question_id) REFERENCES questions (id),
    UNIQUE(session_id, question_id) -- One response per question per session
);
CREATE TABLE IF NOT EXISTS "users" (
	"id"	TEXT,
	"name"	TEXT NOT NULL,
	"organization"	TEXT NOT NULL,
	"role_title"	TEXT NOT NULL,
	"email"	TEXT,
	"assessment_code"	TEXT,
	"selected_role_id"	TEXT,
	"created_at"	DATETIME DEFAULT CURRENT_TIMESTAMP,
	"updated_at"	DATETIME DEFAULT CURRENT_TIMESTAMP,
	PRIMARY KEY("id"),
	FOREIGN KEY("selected_role_id") REFERENCES "roles"("id")
);
CREATE TABLE IF NOT EXISTS "users0" (
	"id"	TEXT,
	"name"	TEXT NOT NULL,
	"organization"	TEXT NOT NULL,
	"role_title"	TEXT NOT NULL,
	"email"	TEXT,
	"created_at"	DATETIME DEFAULT CURRENT_TIMESTAMP,
	"updated_at"	DATETIME DEFAULT CURRENT_TIMESTAMP,
	"assessment_code"	TEXT,
	"selected_role"	TEXT,
	PRIMARY KEY("id")
);
INSERT INTO "admin_users" ("id","username","password_hash","full_name","email","role","created_at","last_login","is_active") VALUES ('admin-001','admin','temp_hash','System Administrator','admin@system.local','super_admin','2025-07-21 19:35:35',NULL,1);
INSERT INTO "assessment_codes" ("code","created_at","created_by","expires_at","is_used","organization_name","intended_recipient","notes","usage_count","max_uses") VALUES ('TEST2020','2025-08-21 12:53:29','admin-001','2025-12-31 23:59:59',1,'Test Organization 2025','Test User',NULL,1,1),
 ('TEST2022','2025-08-21 12:53:44','admin-001','2025-12-31 23:59:59',0,'Test Organization 2025','Test User',NULL,0,1),
 ('TEST2023','2025-08-21 12:53:46','admin-001','2025-12-31 23:59:59',0,'Test Organization 2025','Test User',NULL,0,1),
 ('TEST2021','2025-08-21 12:54:01','admin-001','2025-12-31 23:59:59',0,'Test Organization 2025','Test User',NULL,0,1);
INSERT INTO "assessment_sessions" ("id","user_id","session_start","session_end","status","language_preference","total_questions","answered_questions","completion_percentage") VALUES ('session_1755782282049_4jifpkaex','user_1755782282013_a4349xf9t','2025-08-21 13:18:02',NULL,'in_progress','en',NULL,9,25.7142857142857),
 ('session_1755782282067_mzd64yph5','user_1755782282013_a4349xf9t','2025-08-21 13:18:02',NULL,'in_progress','en',NULL,2,5.71428571428571),
 ('session_1755782349497_p8q9n0vao','user_1755782282013_a4349xf9t','2025-08-21 13:19:09',NULL,'in_progress','en',NULL,0,0.0),
 ('session_1755782349517_573nx4jdf','user_1755782282013_a4349xf9t','2025-08-21 13:19:09',NULL,'in_progress','en',NULL,0,0.0),
 ('session_1755782408366_5v35yg4ei','user_1755782282013_a4349xf9t','2025-08-21 13:20:08',NULL,'in_progress','en',NULL,0,0.0),
 ('session_1755782408370_wqqez2vvs','user_1755782282013_a4349xf9t','2025-08-21 13:20:08',NULL,'in_progress','en',NULL,0,0.0),
 ('session_1755969655542_iac6jwmv0','user_1755782282013_a4349xf9t','2025-08-23 17:20:55',NULL,'in_progress','en',NULL,0,0.0),
 ('session_1755969655567_gpkuft73g','user_1755782282013_a4349xf9t','2025-08-23 17:20:55',NULL,'in_progress','en',NULL,0,0.0),
 ('session_1755969674159_f2x1c9wh9','user_1755782282013_a4349xf9t','2025-08-23 17:21:14',NULL,'in_progress','en',NULL,0,0.0),
 ('session_1755969674188_l3njdlncf','user_1755782282013_a4349xf9t','2025-08-23 17:21:14',NULL,'in_progress','en',NULL,0,0.0),
 ('session_1755969706544_hvsny69hg','user_1755969706525_svbqv6nm0','2025-08-23 17:21:46',NULL,'in_progress','en',NULL,0,0.0),
 ('session_1755969706559_sw73s9srx','user_1755969706525_svbqv6nm0','2025-08-23 17:21:46',NULL,'in_progress','en',NULL,2,5.71428571428571),
 ('session_1755969799150_tmrov9i86','user_1755969706525_svbqv6nm0','2025-08-23 17:23:19',NULL,'in_progress','en',NULL,0,0.0),
 ('session_1755969799190_dsqqinon9','user_1755969706525_svbqv6nm0','2025-08-23 17:23:19',NULL,'in_progress','en',NULL,0,0.0),
 ('session_1756023960019_x9et73lzk','user_1756023959998_yqfeoxb5p','2025-08-24 08:26:00',NULL,'in_progress','en',NULL,0,0.0),
 ('session_1756023960028_mb3677uit','user_1756023959998_yqfeoxb5p','2025-08-24 08:26:00',NULL,'in_progress','en',NULL,1,2.85714285714286),
 ('session_1756026737805_2rkwraaag','user_1755782282013_a4349xf9t','2025-08-24 09:12:17',NULL,'in_progress','ar',NULL,0,0.0),
 ('session_1756026737837_bh1dn6ucv','user_1755782282013_a4349xf9t','2025-08-24 09:12:17',NULL,'in_progress','ar',NULL,0,0.0),
 ('session_1756037786642_h1r67wvfr','user_1755782282013_a4349xf9t','2025-08-24 12:16:26',NULL,'in_progress','ar',NULL,0,0.0),
 ('session_1756037786678_weg3rwezf','user_1755782282013_a4349xf9t','2025-08-24 12:16:26',NULL,'in_progress','ar',NULL,0,0.0),
 ('session_1756045843830_0iqa373ak','user_1755782282013_a4349xf9t','2025-08-24 14:30:43',NULL,'in_progress','ar',NULL,0,0.0),
 ('session_1756045852648_fu4rupeeu','user_1755782282013_a4349xf9t','2025-08-24 14:30:52','2025-08-24 14:33:47','completed','en',NULL,35,100.0);
INSERT INTO "audit_logs" ("id","user_type","user_id","action","details","ip_address","timestamp") VALUES ('log_1755782246155_g6ojpa8j9','user',NULL,'code_validation_success','Code: TEST2020','','2025-08-21 13:17:26'),
 ('log_1755782282067_1m7dsbdko','user','user_1755782282013_a4349xf9t','session_created','Code: TEST2020, Session: session_1755782282049_4jifpkaex','','2025-08-21 13:18:02'),
 ('log_1755782282093_mv1dv7j6c','user','user_1755782282013_a4349xf9t','session_created','Code: TEST2020, Session: session_1755782282067_mzd64yph5','','2025-08-21 13:18:02'),
 ('log_1755782286248_k5r7k7kzu','user',NULL,'responses_saved','Session: session_1755782282067_mzd64yph5, Responses: 1','','2025-08-21 13:18:06'),
 ('log_1755782289175_a9vdi322b','user',NULL,'responses_saved','Session: session_1755782282067_mzd64yph5, Responses: 2','','2025-08-21 13:18:09'),
 ('log_1755782302630_bsm0moilq','user','user_1755782282013_a4349xf9t','code_validation_resume','Code: TEST2020','','2025-08-21 13:18:22'),
 ('log_1755782349514_p8mobrzdi','user','user_1755782282013_a4349xf9t','session_created','Code: TEST2020, Session: session_1755782349497_p8q9n0vao','','2025-08-21 13:19:09'),
 ('log_1755782349545_h3d2h9i0k','user','user_1755782282013_a4349xf9t','session_created','Code: TEST2020, Session: session_1755782349517_573nx4jdf','','2025-08-21 13:19:09'),
 ('log_1755782408405_h0yc46fuu','user','user_1755782282013_a4349xf9t','session_created','Code: TEST2020, Session: session_1755782408366_5v35yg4ei','','2025-08-21 13:20:08'),
 ('log_1755782408408_1jaly3elb','user','user_1755782282013_a4349xf9t','session_created','Code: TEST2020, Session: session_1755782408370_wqqez2vvs','','2025-08-21 13:20:08'),
 ('log_1755969603881_9sujw00u8','user','user_1755782282013_a4349xf9t','code_validation_resume','Code: TEST2020','','2025-08-23 17:20:03'),
 ('log_1755969655566_jrdlm426f','user','user_1755782282013_a4349xf9t','session_created','Code: TEST2020, Session: session_1755969655542_iac6jwmv0','','2025-08-23 17:20:55'),
 ('log_1755969655594_xbfq2gv02','user','user_1755782282013_a4349xf9t','session_created','Code: TEST2020, Session: session_1755969655567_gpkuft73g','','2025-08-23 17:20:55'),
 ('log_1755969674179_56fjcl61d','user','user_1755782282013_a4349xf9t','session_created','Code: TEST2020, Session: session_1755969674159_f2x1c9wh9','','2025-08-23 17:21:14'),
 ('log_1755969674200_0vlnqfpi4','user','user_1755782282013_a4349xf9t','session_created','Code: TEST2020, Session: session_1755969674188_l3njdlncf','','2025-08-23 17:21:14'),
 ('log_1755969681195_7ti4abcjt','user',NULL,'code_validation_success','Code: TEST2022','','2025-08-23 17:21:21'),
 ('log_1755969706560_pjp4ye2i7','user','user_1755969706525_svbqv6nm0','session_created','Code: TEST2022, Session: session_1755969706544_hvsny69hg','','2025-08-23 17:21:46'),
 ('log_1755969706586_pug0f3gei','user','user_1755969706525_svbqv6nm0','session_created','Code: TEST2022, Session: session_1755969706559_sw73s9srx','','2025-08-23 17:21:46'),
 ('log_1755969709492_s47pxqe5x','user',NULL,'responses_saved','Session: session_1755969706559_sw73s9srx, Responses: 1','','2025-08-23 17:21:49'),
 ('log_1755969711570_cdf9jtco5','user',NULL,'responses_saved','Session: session_1755969706559_sw73s9srx, Responses: 2','','2025-08-23 17:21:51'),
 ('log_1755969799174_mxmdsjjwt','user','user_1755969706525_svbqv6nm0','session_created','Code: TEST2022, Session: session_1755969799150_tmrov9i86','','2025-08-23 17:23:19'),
 ('log_1755969799209_u0d30hz4t','user','user_1755969706525_svbqv6nm0','session_created','Code: TEST2022, Session: session_1755969799190_dsqqinon9','','2025-08-23 17:23:19'),
 ('log_1755970739543_w47q12ycw','user','user_1755782282013_a4349xf9t','code_validation_resume','Code: TEST2020','','2025-08-23 17:38:59'),
 ('log_1755971005371_bnhlhffpa','user','user_1755782282013_a4349xf9t','code_validation_resume','Code: TEST2020','','2025-08-23 17:43:25'),
 ('log_1756023914754_srpv8md55','user','user_1755782282013_a4349xf9t','code_validation_resume','Code: TEST2020','','2025-08-24 08:25:14'),
 ('log_1756023929189_oer4d8ef1','user',NULL,'code_validation_success','Code: TEST2021','','2025-08-24 08:25:29'),
 ('log_1756023960028_9zp90zdlq','user','user_1756023959998_yqfeoxb5p','session_created','Code: TEST2021, Session: session_1756023960019_x9et73lzk','','2025-08-24 08:26:00'),
 ('log_1756023960040_lnm8u8j3i','user','user_1756023959998_yqfeoxb5p','session_created','Code: TEST2021, Session: session_1756023960028_mb3677uit','','2025-08-24 08:26:00'),
 ('log_1756023966808_n9x4fl780','user',NULL,'responses_saved','Session: session_1756023960028_mb3677uit, Responses: 1','','2025-08-24 08:26:06'),
 ('log_1756023983563_g35z5yj7m','user','user_1756023959998_yqfeoxb5p','code_validation_resume','Code: TEST2021','','2025-08-24 08:26:23'),
 ('log_1756026134188_2pj5xm3c3','user','user_1755782282013_a4349xf9t','code_validation_resume','Code: TEST2020','','2025-08-24 09:02:14'),
 ('log_1756026155198_gdbr0oqy7','user','user_1755969706525_svbqv6nm0','code_validation_resume','Code: TEST2022','','2025-08-24 09:02:35'),
 ('log_1756026726060_ngcjxzk7l','user','user_1755782282013_a4349xf9t','code_validation_resume','Code: TEST2020','','2025-08-24 09:12:06'),
 ('log_1756026737822_8ak5jogjg','user','user_1755782282013_a4349xf9t','session_created','Code: TEST2020, Session: session_1756026737805_2rkwraaag','','2025-08-24 09:12:17'),
 ('log_1756026737856_dr52z9nt9','user','user_1755782282013_a4349xf9t','session_created','Code: TEST2020, Session: session_1756026737837_bh1dn6ucv','','2025-08-24 09:12:17'),
 ('log_1756030008125_m8we00dbk','user',NULL,'code_validation_failed','Code: TEST2030, Error: Invalid assessment code','','2025-08-24 10:06:48'),
 ('log_1756030016808_cddbubsv6','user','user_1755782282013_a4349xf9t','code_validation_resume','Code: TEST2020','','2025-08-24 10:06:56'),
 ('log_1756037777897_guxb8apfl','user','user_1755782282013_a4349xf9t','code_validation_resume','Code: TEST2020','','2025-08-24 12:16:17'),
 ('log_1756037786651_r5zzhm5um','user','user_1755782282013_a4349xf9t','session_created','Code: TEST2020, Session: session_1756037786642_h1r67wvfr','','2025-08-24 12:16:26'),
 ('log_1756037786686_gkhpbixza','user','user_1755782282013_a4349xf9t','session_created','Code: TEST2020, Session: session_1756037786678_weg3rwezf','','2025-08-24 12:16:26'),
 ('log_1756045811040_ni7gmnr1g','user','user_1755782282013_a4349xf9t','code_validation_resume','Code: TEST2020','','2025-08-24 14:30:11'),
 ('log_1756045815030_r5vs9hnh7','user',NULL,'responses_saved','Session: session_1755782282049_4jifpkaex, Responses: 1','','2025-08-24 14:30:15'),
 ('log_1756045817603_5kk0qofi5','user',NULL,'responses_saved','Session: session_1755782282049_4jifpkaex, Responses: 2','','2025-08-24 14:30:17'),
 ('log_1756045819854_cjh535izn','user',NULL,'responses_saved','Session: session_1755782282049_4jifpkaex, Responses: 3','','2025-08-24 14:30:19'),
 ('log_1756045822856_ahsqrkufn','user',NULL,'responses_saved','Session: session_1755782282049_4jifpkaex, Responses: 4','','2025-08-24 14:30:22'),
 ('log_1756045825118_p6ilqsi5l','user',NULL,'responses_saved','Session: session_1755782282049_4jifpkaex, Responses: 5','','2025-08-24 14:30:25'),
 ('log_1756045827580_8jyuexo0a','user',NULL,'responses_saved','Session: session_1755782282049_4jifpkaex, Responses: 6','','2025-08-24 14:30:27'),
 ('log_1756045829674_591q93pe9','user',NULL,'responses_saved','Session: session_1755782282049_4jifpkaex, Responses: 7','','2025-08-24 14:30:29'),
 ('log_1756045835916_d3o87fqka','user',NULL,'responses_saved','Session: session_1755782282049_4jifpkaex, Responses: 8','','2025-08-24 14:30:35'),
 ('log_1756045838156_uty3ngfon','user',NULL,'responses_saved','Session: session_1755782282049_4jifpkaex, Responses: 9','','2025-08-24 14:30:38'),
 ('log_1756045843839_4ycqnou39','user','user_1755782282013_a4349xf9t','session_created','Code: TEST2020, Session: session_1756045843830_0iqa373ak','','2025-08-24 14:30:43'),
 ('log_1756045852657_5iwf6axbq','user','user_1755782282013_a4349xf9t','session_created','Code: TEST2020, Session: session_1756045852648_fu4rupeeu','','2025-08-24 14:30:52'),
 ('log_1756045857463_ayunjtlb1','user',NULL,'responses_saved','Session: session_1756045852648_fu4rupeeu, Responses: 1','','2025-08-24 14:30:57'),
 ('log_1756045859424_8hihjb32f','user',NULL,'responses_saved','Session: session_1756045852648_fu4rupeeu, Responses: 2','','2025-08-24 14:30:59'),
 ('log_1756045861578_xmfu3x7oo','user',NULL,'responses_saved','Session: session_1756045852648_fu4rupeeu, Responses: 3','','2025-08-24 14:31:01'),
 ('log_1756045863436_kbf4yzt7u','user',NULL,'responses_saved','Session: session_1756045852648_fu4rupeeu, Responses: 4','','2025-08-24 14:31:03'),
 ('log_1756045865617_ejawkfrrl','user',NULL,'responses_saved','Session: session_1756045852648_fu4rupeeu, Responses: 5','','2025-08-24 14:31:05'),
 ('log_1756045867625_glevpec43','user',NULL,'responses_saved','Session: session_1756045852648_fu4rupeeu, Responses: 6','','2025-08-24 14:31:07'),
 ('log_1756045869827_ebk1yobia','user',NULL,'responses_saved','Session: session_1756045852648_fu4rupeeu, Responses: 7','','2025-08-24 14:31:09'),
 ('log_1756045872062_ysz0n1196','user',NULL,'responses_saved','Session: session_1756045852648_fu4rupeeu, Responses: 8','','2025-08-24 14:31:12'),
 ('log_1756045874336_cgba19zd5','user',NULL,'responses_saved','Session: session_1756045852648_fu4rupeeu, Responses: 9','','2025-08-24 14:31:14'),
 ('log_1756045876699_pue32t99h','user',NULL,'responses_saved','Session: session_1756045852648_fu4rupeeu, Responses: 10','','2025-08-24 14:31:16'),
 ('log_1756045878835_eluhv8z16','user',NULL,'responses_saved','Session: session_1756045852648_fu4rupeeu, Responses: 11','','2025-08-24 14:31:18'),
 ('log_1756045880704_2dujifqa6','user',NULL,'responses_saved','Session: session_1756045852648_fu4rupeeu, Responses: 12','','2025-08-24 14:31:20'),
 ('log_1756045883626_7allcyvnn','user',NULL,'responses_saved','Session: session_1756045852648_fu4rupeeu, Responses: 13','','2025-08-24 14:31:23'),
 ('log_1756045885864_zmhpokur7','user',NULL,'responses_saved','Session: session_1756045852648_fu4rupeeu, Responses: 14','','2025-08-24 14:31:25'),
 ('log_1756045888035_2enrchhs6','user',NULL,'responses_saved','Session: session_1756045852648_fu4rupeeu, Responses: 15','','2025-08-24 14:31:28'),
 ('log_1756045892623_hmje327zt','user',NULL,'responses_saved','Session: session_1756045852648_fu4rupeeu, Responses: 16','','2025-08-24 14:31:32'),
 ('log_1756045895043_iaxz2wqjz','user',NULL,'responses_saved','Session: session_1756045852648_fu4rupeeu, Responses: 17','','2025-08-24 14:31:35'),
 ('log_1756045899871_3kibtwmmx','user',NULL,'responses_saved','Session: session_1756045852648_fu4rupeeu, Responses: 18','','2025-08-24 14:31:39'),
 ('log_1756045901934_xqkj200yy','user',NULL,'responses_saved','Session: session_1756045852648_fu4rupeeu, Responses: 19','','2025-08-24 14:31:41'),
 ('log_1756045904839_icu820mu5','user',NULL,'responses_saved','Session: session_1756045852648_fu4rupeeu, Responses: 20','','2025-08-24 14:31:44'),
 ('log_1756045906781_802da38bo','user',NULL,'responses_saved','Session: session_1756045852648_fu4rupeeu, Responses: 21','','2025-08-24 14:31:46'),
 ('log_1756045909298_b9za3qxz0','user',NULL,'responses_saved','Session: session_1756045852648_fu4rupeeu, Responses: 22','','2025-08-24 14:31:49'),
 ('log_1756045912019_f184735w3','user',NULL,'responses_saved','Session: session_1756045852648_fu4rupeeu, Responses: 23','','2025-08-24 14:31:52'),
 ('log_1756045914693_5k5wadtus','user',NULL,'responses_saved','Session: session_1756045852648_fu4rupeeu, Responses: 24','','2025-08-24 14:31:54'),
 ('log_1756045916941_fva77dc99','user',NULL,'responses_saved','Session: session_1756045852648_fu4rupeeu, Responses: 25','','2025-08-24 14:31:56'),
 ('log_1756045919154_m1kqbe0qf','user',NULL,'responses_saved','Session: session_1756045852648_fu4rupeeu, Responses: 26','','2025-08-24 14:31:59'),
 ('log_1756045921575_rt7fo2dor','user',NULL,'responses_saved','Session: session_1756045852648_fu4rupeeu, Responses: 27','','2025-08-24 14:32:01'),
 ('log_1756045975859_1rglnr95b','user',NULL,'responses_saved','Session: session_1756045852648_fu4rupeeu, Responses: 29','','2025-08-24 14:32:55'),
 ('log_1756045977790_6x0gs56z5','user',NULL,'responses_saved','Session: session_1756045852648_fu4rupeeu, Responses: 30','','2025-08-24 14:32:57'),
 ('log_1756045979699_3omq0x50j','user',NULL,'responses_saved','Session: session_1756045852648_fu4rupeeu, Responses: 31','','2025-08-24 14:32:59'),
 ('log_1756045981680_7s5tss3bd','user',NULL,'responses_saved','Session: session_1756045852648_fu4rupeeu, Responses: 32','','2025-08-24 14:33:01'),
 ('log_1756045984052_r21wbqher','user',NULL,'responses_saved','Session: session_1756045852648_fu4rupeeu, Responses: 33','','2025-08-24 14:33:04'),
 ('log_1756045986337_90qaspryi','user',NULL,'responses_saved','Session: session_1756045852648_fu4rupeeu, Responses: 34','','2025-08-24 14:33:06'),
 ('log_1756045988488_j2p0u1w68','user',NULL,'responses_saved','Session: session_1756045852648_fu4rupeeu, Responses: 35','','2025-08-24 14:33:08'),
 ('log_1756045990429_1re4jqg1x','user',NULL,'responses_saved','Session: session_1756045852648_fu4rupeeu, Responses: 35','','2025-08-24 14:33:10'),
 ('log_1756045991453_3ynnna4bl','user',NULL,'responses_saved','Session: session_1756045852648_fu4rupeeu, Responses: 35','','2025-08-24 14:33:11'),
 ('log_1756045992527_wt2bfb8md','user',NULL,'responses_saved','Session: session_1756045852648_fu4rupeeu, Responses: 35','','2025-08-24 14:33:12'),
 ('log_1756045993699_uivf8oecw','user',NULL,'responses_saved','Session: session_1756045852648_fu4rupeeu, Responses: 35','','2025-08-24 14:33:13'),
 ('log_1756045994530_s8u1ntq9q','user',NULL,'responses_saved','Session: session_1756045852648_fu4rupeeu, Responses: 35','','2025-08-24 14:33:14'),
 ('log_1756045995928_tx2upe4dq','user',NULL,'responses_saved','Session: session_1756045852648_fu4rupeeu, Responses: 35','','2025-08-24 14:33:15'),
 ('log_1756045997464_z8xnw0w9b','user',NULL,'responses_saved','Session: session_1756045852648_fu4rupeeu, Responses: 35','','2025-08-24 14:33:17'),
 ('log_1756045998953_ooqfwsoms','user',NULL,'responses_saved','Session: session_1756045852648_fu4rupeeu, Responses: 35','','2025-08-24 14:33:18'),
 ('log_1756046000394_e68580hw6','user',NULL,'responses_saved','Session: session_1756045852648_fu4rupeeu, Responses: 35','','2025-08-24 14:33:20'),
 ('log_1756046001662_ghnaqpq2x','user',NULL,'responses_saved','Session: session_1756045852648_fu4rupeeu, Responses: 35','','2025-08-24 14:33:21'),
 ('log_1756046003055_7ffg2z6d9','user',NULL,'responses_saved','Session: session_1756045852648_fu4rupeeu, Responses: 35','','2025-08-24 14:33:23'),
 ('log_1756046004416_yyadfejsf','user',NULL,'responses_saved','Session: session_1756045852648_fu4rupeeu, Responses: 35','','2025-08-24 14:33:24'),
 ('log_1756046005629_r2mq7wjhy','user',NULL,'responses_saved','Session: session_1756045852648_fu4rupeeu, Responses: 35','','2025-08-24 14:33:25'),
 ('log_1756046006780_xrf6f6a0f','user',NULL,'responses_saved','Session: session_1756045852648_fu4rupeeu, Responses: 35','','2025-08-24 14:33:26'),
 ('log_1756046008002_j7vvzewtp','user',NULL,'responses_saved','Session: session_1756045852648_fu4rupeeu, Responses: 35','','2025-08-24 14:33:28'),
 ('log_1756046009024_j3cyhzs1o','user',NULL,'responses_saved','Session: session_1756045852648_fu4rupeeu, Responses: 35','','2025-08-24 14:33:29'),
 ('log_1756046010068_13xrgc5rl','user',NULL,'responses_saved','Session: session_1756045852648_fu4rupeeu, Responses: 35','','2025-08-24 14:33:30'),
 ('log_1756046011081_uzc5a1kse','user',NULL,'responses_saved','Session: session_1756045852648_fu4rupeeu, Responses: 35','','2025-08-24 14:33:31'),
 ('log_1756046012009_2lbliz5o7','user',NULL,'responses_saved','Session: session_1756045852648_fu4rupeeu, Responses: 35','','2025-08-24 14:33:32'),
 ('log_1756046013077_zuwsdl4gc','user',NULL,'responses_saved','Session: session_1756045852648_fu4rupeeu, Responses: 35','','2025-08-24 14:33:33'),
 ('log_1756046014282_ti0qegaww','user',NULL,'responses_saved','Session: session_1756045852648_fu4rupeeu, Responses: 35','','2025-08-24 14:33:34'),
 ('log_1756046015392_jo9hqv1f3','user',NULL,'responses_saved','Session: session_1756045852648_fu4rupeeu, Responses: 35','','2025-08-24 14:33:35'),
 ('log_1756046016407_ylta21788','user',NULL,'responses_saved','Session: session_1756045852648_fu4rupeeu, Responses: 35','','2025-08-24 14:33:36'),
 ('log_1756046017558_pinsegmxt','user',NULL,'responses_saved','Session: session_1756045852648_fu4rupeeu, Responses: 35','','2025-08-24 14:33:37'),
 ('log_1756046018811_eum1xelr6','user',NULL,'responses_saved','Session: session_1756045852648_fu4rupeeu, Responses: 35','','2025-08-24 14:33:38'),
 ('log_1756046020445_mzj5usixi','user',NULL,'responses_saved','Session: session_1756045852648_fu4rupeeu, Responses: 35','','2025-08-24 14:33:40'),
 ('log_1756046021604_lx010hhap','user',NULL,'responses_saved','Session: session_1756045852648_fu4rupeeu, Responses: 35','','2025-08-24 14:33:41'),
 ('log_1756046025926_jjxil78n9','user',NULL,'responses_saved','Session: session_1756045852648_fu4rupeeu, Responses: 35','','2025-08-24 14:33:45'),
 ('log_1756046027135_fwz9koeyw','user',NULL,'responses_saved','Session: session_1756045852648_fu4rupeeu, Responses: 35','','2025-08-24 14:33:47'),
 ('log_1756046027156_5e95oag5u','user',NULL,'assessment_completed','Code: TEST2020, Session: session_1756045852648_fu4rupeeu','','2025-08-24 14:33:47');
INSERT INTO "domains" ("id","name_en","name_ar","description_en","description_ar","display_order") VALUES ('DATA_LIFECYCLE','Data Lifecycle','دورة حياة البيانات','The core operational capabilities for managing data from collection through strategic use','القدرات التشغيلية الأساسية لإدارة البيانات من الجمع إلى الاستخدام الاستراتيجي',1),
 ('GOVERNANCE_PROTECTION','Governance & Protection','الحوكمة والحماية','Risk management, compliance, and ethical frameworks that enable safe and responsible data use','إدارة المخاطر والامتثال والأطر الأخلاقية التي تمكن الاستخدام الآمن والمسؤول للبيانات',2),
 ('ORGANIZATIONAL_ENABLERS','Organizational Enablers','الممكنات التنظيمية','Human and cultural factors that enable or constrain organizational data maturity','العوامل البشرية والثقافية التي تمكن أو تقيد نضج البيانات التنظيمية',3);
INSERT INTO "maturity_levels" ("level_number","level_name","level_description_en","level_description_ar","score_range_min","score_range_max","color_code") VALUES (1,'Initial','Ad-hoc, reactive approaches with minimal formalization','نهج مخصص وردود فعل مع الحد الأدنى من الرسمية',1.0,1.8,'#FF6B6B'),
 (2,'Developing','Basic capabilities with inconsistent implementation','قدرات أساسية مع تنفيذ غير متسق',1.8,2.6,'#FFD93D'),
 (3,'Defined','Standardized approaches with documented processes','نهج موحد مع عمليات موثقة',2.6,3.4,'#6BCF7F'),
 (4,'Advanced','Enterprise-wide integration with proactive management','تكامل على مستوى المؤسسة مع إدارة استباقية',3.4,4.2,'#4ECDC4'),
 (5,'Optimized','Innovative approaches with continuous improvement','نهج مبتكرة مع التحسين المستمر',4.2,5.0,'#45B7D1');
INSERT INTO "question_options" ("id","question_id","option_key","option_text_en","option_text_ar","score_value","maturity_level","explanation_en","explanation_ar","display_order") VALUES ('Q1_A','Q1','A','We collect whatever data is easily available or required by regulations','نجمع أي بيانات متاحة بسهولة أو مطلوبة بموجب اللوائح',1,'Initial',NULL,NULL,1),
 ('Q1_B','Q1','B','We gather data that senior staff think might be useful','نجمع البيانات التي يعتقد كبار الموظفين أنها قد تكون مفيدة',2,'Developing',NULL,NULL,2),
 ('Q1_C','Q1','C','We identify data needs based on current reporting and operational requirements','نحدد احتياجات البيانات بناءً على متطلبات التقارير والعمليات الحالية',3,'Defined',NULL,NULL,3),
 ('Q1_D','Q1','D','We systematically assess what data would help us achieve our strategic objectives','نقيم بشكل منهجي البيانات التي ستساعدنا في تحقيق أهدافنا الاستراتيجية',4,'Advanced',NULL,NULL,4),
 ('Q1_E','Q1','E','We continuously evaluate and optimize our data collection based on changing business needs','نقيم ونحسن جمع البيانات باستمرار بناءً على احتياجات العمل المتغيرة',5,'Optimized',NULL,NULL,5),
 ('Q1_NA','Q1','NA','Not applicable to my role/organization','غير قابل للتطبيق على دوري/مؤسستي',0,'Not Applicable',NULL,NULL,6),
 ('Q1_NS','Q1','NS','Not sure/Don''t know','غير متأكد/لا أعرف',0,'Not Sure',NULL,NULL,7),
 ('Q2_A','Q2','A','We begin collecting and figure out how to use it later','نبدأ في الجمع ونكتشف كيفية استخدامها لاحقاً',1,'Initial',NULL,NULL,1),
 ('Q2_B','Q2','B','We start with basic collection and improve the process over time','نبدأ بالجمع الأساسي ونحسن العملية مع الوقت',2,'Developing',NULL,NULL,2),
 ('Q2_C','Q2','C','We plan the collection process and test it before full implementation','نخطط لعملية الجمع ونختبرها قبل التنفيذ الكامل',3,'Defined',NULL,NULL,3),
 ('Q2_D','Q2','D','We design comprehensive collection procedures with quality controls from the start','نصمم إجراءات جمع شاملة مع ضوابط الجودة من البداية',4,'Advanced',NULL,NULL,4),
 ('Q2_E','Q2','E','We implement sophisticated collection systems with real-time validation and feedback','ننفذ أنظمة جمع متطورة مع التحقق والتغذية الراجعة في الوقت الفعلي',5,'Optimized',NULL,NULL,5),
 ('Q2_NA','Q2','NA','Not applicable to my role/organization','غير قابل للتطبيق على دوري/مؤسستي',0,'Not Applicable',NULL,NULL,6),
 ('Q2_NS','Q2','NS','Not sure/Don''t know','غير متأكد/لا أعرف',0,'Not Sure',NULL,NULL,7),
 ('Q3_A','Q3','A','Each department collects data in their own way','كل قسم يجمع البيانات بطريقته الخاصة',1,'Initial',NULL,NULL,1),
 ('Q3_B','Q3','B','We provide basic guidelines but allow flexibility in implementation','نقدم إرشادات أساسية لكن نسمح بمرونة في التنفيذ',2,'Developing',NULL,NULL,2),
 ('Q3_C','Q3','C','We have standard procedures that most departments follow','لدينا إجراءات موحدة تتبعها معظم الأقسام',3,'Defined',NULL,NULL,3),
 ('Q3_D','Q3','D','We enforce consistent collection standards across the organization','نطبق معايير جمع متسقة عبر المؤسسة',4,'Advanced',NULL,NULL,4),
 ('Q3_E','Q3','E','We use automated systems that ensure uniform collection regardless of location or person','نستخدم أنظمة آلية تضمن الجمع الموحد بغض النظر عن الموقع أو الشخص',5,'Optimized',NULL,NULL,5),
 ('Q3_NA','Q3','NA','Not applicable to my role/organization','غير قابل للتطبيق على دوري/مؤسستي',0,'Not Applicable',NULL,NULL,6),
 ('Q3_NS','Q3','NS','Not sure/Don''t know','غير متأكد/لا أعرف',0,'Not Sure',NULL,NULL,7),
 ('Q4_A','Q4','A','We usually focus on one data source at a time since combining them is complicated','عادة نركز على مصدر بيانات واحد في كل مرة لأن دمجها معقد',1,'Initial',NULL,NULL,1),
 ('Q4_B','Q4','B','We can combine data but it requires someone with technical skills and takes considerable effort','يمكننا دمج البيانات لكن يتطلب شخصاً بمهارات تقنية ويستغرق جهداً كبيراً',2,'Developing',NULL,NULL,2),
 ('Q4_C','Q4','C','It''s possible to do but requires planning and dedicated time to get it right','من الممكن القيام بذلك لكن يتطلب تخطيطاً ووقتاً مخصصاً لإنجازه بشكل صحيح',3,'Defined',NULL,NULL,3),
 ('Q4_D','Q4','D','We have processes that make it relatively straightforward for people with the right training','لدينا عمليات تجعلها مباشرة نسبياً للأشخاص ذوي التدريب المناسب',4,'Advanced',NULL,NULL,4),
 ('Q4_E','Q4','E','Our systems are designed so that combining data sources is routine and easy','أنظمتنا مصممة بحيث يكون دمج مصادر البيانات روتينياً وسهلاً',5,'Optimized',NULL,NULL,5),
 ('Q4_NA','Q4','NA','Not applicable to my role/organization','غير قابل للتطبيق على دوري/مؤسستي',0,'Not Applicable',NULL,NULL,6),
 ('Q4_NS','Q4','NS','Not sure/Don''t know','غير متأكد/لا أعرف',0,'Not Sure',NULL,NULL,7),
 ('Q5_A','Q5','A','Problems happen fairly regularly and people work around them until they''re fixed','تحدث المشاكل بانتظام والناس يتعاملون معها حتى يتم إصلاحها',1,'Initial',NULL,NULL,1),
 ('Q5_B','Q5','B','When issues occur, our IT team addresses them but it usually takes some time','عندما تحدث مشاكل، يتعامل معها فريق تقنية المعلومات لكن عادة يستغرق بعض الوقت',2,'Developing',NULL,NULL,2),
 ('Q5_C','Q5','C','We have occasional technical issues that are generally resolved within a day or two','لدينا مشاكل تقنية عرضية يتم حلها عموماً خلال يوم أو يومين',3,'Defined',NULL,NULL,3),
 ('Q5_D','Q5','D','Technical problems are rare and usually get fixed quickly when they do occur','المشاكل التقنية نادرة وعادة يتم إصلاحها بسرعة عند حدوثها',4,'Advanced',NULL,NULL,4),
 ('Q5_E','Q5','E','Our systems are very reliable with monitoring that prevents most issues before they happen','أنظمتنا موثوقة جداً مع مراقبة تمنع معظم المشاكل قبل حدوثها',5,'Optimized',NULL,NULL,5),
 ('Q5_NA','Q5','NA','Not applicable to my role/organization','غير قابل للتطبيق على دوري/مؤسستي',0,'Not Applicable',NULL,NULL,6),
 ('Q5_NS','Q5','NS','Not sure/Don''t know','غير متأكد/لا أعرف',0,'Not Sure',NULL,NULL,7),
 ('Q6_A','Q6','A','We deal with capacity issues as they come up, sometimes requiring urgent solutions','نتعامل مع مشاكل السعة عند ظهورها، أحياناً نحتاج حلول عاجلة',1,'Initial',NULL,NULL,1),
 ('Q6_B','Q6','B','We monitor usage and upgrade when we start approaching our limits','نراقب الاستخدام ونطور عندما نبدأ بالاقتراب من حدودنا',2,'Developing',NULL,NULL,2),
 ('Q6_C','Q6','C','We plan capacity increases as part of our regular technology planning','نخطط لزيادات السعة كجزء من تخطيطنا التقني المنتظم',3,'Defined',NULL,NULL,3),
 ('Q6_D','Q6','D','We proactively manage capacity with scheduled upgrades before we reach limits','نديرة السعة بشكل استباقي مع ترقيات مجدولة قبل الوصول للحدود',4,'Advanced',NULL,NULL,4),
 ('Q6_E','Q6','E','We have scalable systems that automatically adjust to meet changing demands','لدينا أنظمة قابلة للتوسع تتكيف تلقائياً لتلبية المتطلبات المتغيرة',5,'Optimized',NULL,NULL,5),
 ('Q6_NA','Q6','NA','Not applicable to my role/organization','غير قابل للتطبيق على دوري/مؤسستي',0,'Not Applicable',NULL,NULL,6),
 ('Q6_NS','Q6','NS','Not sure/Don''t know','غير متأكد/لا أعرف',0,'Not Sure',NULL,NULL,7),
 ('Q7_A','Q7','A','Staff mention it to their supervisor when they have time','الموظفون يذكرونها لمشرفهم عندما يكون لديهم وقت',1,'Initial',NULL,NULL,1),
 ('Q7_B','Q7','B','People fix the obvious errors they come across during their regular work','الناس يصلحون الأخطاء الواضحة التي يواجهونها أثناء عملهم المعتاد',2,'Developing',NULL,NULL,2),
 ('Q7_C','Q7','C','There''s an informal process where staff report issues to whoever manages that data','هناك عملية غير رسمية حيث يبلغ الموظفون عن المشاكل لمن يدير تلك البيانات',3,'Defined',NULL,NULL,3),
 ('Q7_D','Q7','D','We have designated people who handle data quality issues when they''re reported','لدينا أشخاص مخصصون للتعامل مع مشاكل جودة البيانات عند الإبلاغ عنها',4,'Advanced',NULL,NULL,4),
 ('Q7_E','Q7','E','We have automated systems that flag potential errors for review','لدينا أنظمة آلية تشير إلى الأخطاء المحتملة للمراجعة',5,'Optimized',NULL,NULL,5),
 ('Q7_NA','Q7','NA','Not applicable to my role/organization','غير قابل للتطبيق على دوري/مؤسستي',0,'Not Applicable',NULL,NULL,6),
 ('Q7_NS','Q7','NS','Not sure/Don''t know','غير متأكد/لا أعرف',0,'Not Sure',NULL,NULL,7),
 ('Q8_A','Q8','A','We expect some differences since each system serves different purposes','نتوقع بعض الاختلافات لأن كل نظام يخدم أغراضاً مختلفة',1,'Initial',NULL,NULL,1),
 ('Q8_B','Q8','B','The core information usually matches, though details might vary','المعلومات الأساسية عادة تتطابق، رغم أن التفاصيل قد تختلف',2,'Developing',NULL,NULL,2),
 ('Q8_C','Q8','C','Most data points are the same, with occasional discrepancies we investigate','معظم نقاط البيانات متشابهة، مع تناقضات عرضية نحققها',3,'Defined',NULL,NULL,3),
 ('Q8_D','Q8','D','Our systems are well-integrated so data is typically consistent','أنظمتنا متكاملة جيداً لذا البيانات متسقة عادة',4,'Advanced',NULL,NULL,4),
 ('Q8_E','Q8','E','All our systems automatically sync to ensure data consistency','جميع أنظمتنا تتزامن تلقائياً لضمان اتساق البيانات',5,'Optimized',NULL,NULL,5),
 ('Q8_NA','Q8','NA','Not applicable to my role/organization','غير قابل للتطبيق على دوري/مؤسستي',0,'Not Applicable',NULL,NULL,6),
 ('Q8_NS','Q8','NS','Not sure/Don''t know','غير متأكد/لا أعرف',0,'Not Sure',NULL,NULL,7),
 ('Q9_A','Q9','A','They learn by observing how others use the data and asking questions','يتعلمون بمراقبة كيف يستخدم الآخرون البيانات وطرح الأسئلة',1,'Initial',NULL,NULL,1),
 ('Q9_B','Q9','B','Their supervisor provides basic guidance during their orientation period','مشرفهم يقدم إرشادات أساسية خلال فترة التوجيه',2,'Developing',NULL,NULL,2),
 ('Q9_C','Q9','C','We have documentation available, though it''s not always kept up to date','لدينا وثائق متاحة، رغم أنها ليست محدثة دائماً',3,'Defined',NULL,NULL,3),
 ('Q9_D','Q9','D','We provide comprehensive training materials that are regularly updated','نقدم مواد تدريبية شاملة يتم تحديثها بانتظام',4,'Advanced',NULL,NULL,4),
 ('Q9_E','Q9','E','We have interactive systems that guide users through proper data entry and interpretation','لدينا أنظمة تفاعلية توجه المستخدمين خلال إدخال وتفسير البيانات بشكل صحيح',5,'Optimized',NULL,NULL,5),
 ('Q9_NA','Q9','NA','Not applicable to my role/organization','غير قابل للتطبيق على دوري/مؤسستي',0,'Not Applicable',NULL,NULL,6),
 ('Q9_NS','Q9','NS','Not sure/Don''t know','غير متأكد/لا أعرف',0,'Not Sure',NULL,NULL,7),
 ('Q10_A','Q10','A','We ask the people involved what they think caused it','نسأل الأشخاص المعنيين عما يعتقدون أنه سببها',1,'Initial',NULL,NULL,1),
 ('Q10_B','Q10','B','We review our standard reports to see if there are any obvious patterns','نراجع تقاريرنا المعيارية لنرى إن كانت هناك أنماط واضحة',2,'Developing',NULL,NULL,2),
 ('Q10_C','Q10','C','We pull data from several sources to get a more complete picture','نسحب البيانات من عدة مصادر للحصول على صورة أكثر اكتمالاً',3,'Defined',NULL,NULL,3),
 ('Q10_D','Q10','D','We conduct interviews and data analysis to understand all the contributing factors','نجري مقابلات وتحليل بيانات لفهم جميع العوامل المساهمة',4,'Advanced',NULL,NULL,4),
 ('Q10_E','Q10','E','We use statistical analysis to identify the most significant drivers','نستخدم التحليل الإحصائي لتحديد أهم العوامل المؤثرة',5,'Optimized',NULL,NULL,5),
 ('Q10_NA','Q10','NA','Not applicable to my role/organization','غير قابل للتطبيق على دوري/مؤسستي',0,'Not Applicable',NULL,NULL,6),
 ('Q10_NS','Q10','NS','Not sure/Don''t know','غير متأكد/لا أعرف',0,'Not Sure',NULL,NULL,7),
 ('Q11_A','Q11','A','We rely on the experience and judgment of our senior staff','نعتمد على خبرة وحكم كبار الموظفين لدينا',1,'Initial',NULL,NULL,1),
 ('Q11_B','Q11','B','We review what happened in previous years and assume similar patterns','نراجع ما حدث في السنوات السابقة ونفترض أنماطاً مشابهة',2,'Developing',NULL,NULL,2),
 ('Q11_C','Q11','C','We look at current trends and project them forward','ننظر إلى الاتجاهات الحالية ونسقطها للأمام',3,'Defined',NULL,NULL,3),
 ('Q11_D','Q11','D','We develop multiple scenarios based on different assumptions about the future','نطور سيناريوهات متعددة بناء على افتراضات مختلفة حول المستقبل',4,'Advanced',NULL,NULL,4),
 ('Q11_E','Q11','E','We use forecasting models to estimate probabilities of different outcomes','نستخدم نماذج التنبؤ لتقدير احتماليات النتائج المختلفة',5,'Optimized',NULL,NULL,5),
 ('Q11_NA','Q11','NA','Not applicable to my role/organization','غير قابل للتطبيق على دوري/مؤسستي',0,'Not Applicable',NULL,NULL,6),
 ('Q11_NS','Q11','NS','Not sure/Don''t know','غير متأكد/لا أعرف',0,'Not Sure',NULL,NULL,7),
 ('Q12_A','Q12','A','We collect feedback from participants and staff involved in the programs','نجمع التغذية الراجعة من المشاركين والموظفين المشاركين في البرامج',1,'Initial',NULL,NULL,1),
 ('Q12_B','Q12','B','We track participation numbers and basic satisfaction ratings','نتتبع أرقام المشاركة وتقييمات الرضا الأساسية',2,'Developing',NULL,NULL,2),
 ('Q12_C','Q12','C','We measure specific outcomes and compare them to our original goals','نقيس النتائج المحددة ونقارنها بأهدافنا الأصلية',3,'Defined',NULL,NULL,3),
 ('Q12_D','Q12','D','We compare our results to similar organizations or control groups','نقارن نتائجنا بمؤسسات مشابهة أو مجموعات ضابطة',4,'Advanced',NULL,NULL,4),
 ('Q12_E','Q12','E','We conduct rigorous evaluations that can definitively attribute results to our programs','نجري تقييمات صارمة يمكنها أن تنسب النتائج بشكل قاطع لبرامجنا',5,'Optimized',NULL,NULL,5),
 ('Q12_NA','Q12','NA','Not applicable to my role/organization','غير قابل للتطبيق على دوري/مؤسستي',0,'Not Applicable',NULL,NULL,6),
 ('Q12_NS','Q12','NS','Not sure/Don''t know','غير متأكد/لا أعرف',0,'Not Sure',NULL,NULL,7),
 ('Q13_A','Q13','A','We focus primarily on our own goals and don''t regularly compare to others','نركز بشكل أساسي على أهدافنا ولا نقارن بانتظام مع الآخرين',1,'Initial',NULL,NULL,1),
 ('Q13_B','Q13','B','We look at published industry reports when they''re available','ننظر إلى التقارير الصناعية المنشورة عندما تكون متاحة',2,'Developing',NULL,NULL,2),
 ('Q13_C','Q13','C','We participate in benchmarking surveys and review the results','نشارك في استطلاعات المقارنة المرجعية ونراجع النتائج',3,'Defined',NULL,NULL,3),
 ('Q13_D','Q13','D','We actively seek out data from peer organizations for comparison','نبحث بنشاط عن بيانات من المؤسسات النظيرة للمقارنة',4,'Advanced',NULL,NULL,4),
 ('Q13_E','Q13','E','We conduct systematic competitive analysis using multiple data sources','نجري تحليلاً تنافسياً منهجياً باستخدام مصادر بيانات متعددة',5,'Optimized',NULL,NULL,5),
 ('Q13_NA','Q13','NA','Not applicable to my role/organization','غير قابل للتطبيق على دوري/مؤسستي',0,'Not Applicable',NULL,NULL,6),
 ('Q13_NS','Q13','NS','Not sure/Don''t know','غير متأكد/لا أعرف',0,'Not Sure',NULL,NULL,7),
 ('Q14_A','Q14','A','We share the findings in our regular reporting and include them in future presentations','نشارك النتائج في تقاريرنا المنتظمة ونضمنها في العروض المستقبلية',1,'Initial',NULL,NULL,1),
 ('Q14_B','Q14','B','We present the insight to leadership and wait for their guidance on how to proceed','نعرض الرؤية على القيادة وننتظر توجيهاتهم حول كيفية المتابعة',2,'Developing',NULL,NULL,2),
 ('Q14_C','Q14','C','We document the insight and add it to our list of potential improvement areas','نوثق الرؤية ونضيفها إلى قائمة مجالات التحسين المحتملة',3,'Defined',NULL,NULL,3),
 ('Q14_D','Q14','D','We immediately begin exploring what changes this insight suggests we should make','نبدأ فوراً في استكشاف التغييرات التي تقترحها هذه الرؤية',4,'Advanced',NULL,NULL,4),
 ('Q14_E','Q14','E','We assign someone to develop an action plan with specific timelines and resources','نكلف شخصاً بوضع خطة عمل مع جداول زمنية وموارد محددة',5,'Optimized',NULL,NULL,5),
 ('Q14_NA','Q14','NA','Not applicable to my role/organization','غير قابل للتطبيق على دوري/مؤسستي',0,'Not Applicable',NULL,NULL,6),
 ('Q14_NS','Q14','NS','Not sure/Don''t know','غير متأكد/لا أعرف',0,'Not Sure',NULL,NULL,7),
 ('Q15_A','Q15','A','We look for external factors that might explain the poor performance','نبحث عن عوامل خارجية قد تفسر الأداء الضعيف',1,'Initial',NULL,NULL,1),
 ('Q15_B','Q15','B','We ask the program manager to provide context and their perspective on the numbers','نطلب من مدير البرنامج تقديم السياق ووجهة نظره حول الأرقام',2,'Developing',NULL,NULL,2),
 ('Q15_C','Q15','C','We double-check our data collection methods to make sure the numbers are accurate','نتحقق مرة أخرى من طرق جمع البيانات للتأكد من دقة الأرقام',3,'Defined',NULL,NULL,3),
 ('Q15_D','Q15','D','We analyze the data more deeply to understand what''s driving the poor performance','نحلل البيانات بعمق أكبر لفهم ما يؤدي إلى الأداء الضعيف',4,'Advanced',NULL,NULL,4),
 ('Q15_E','Q15','E','We immediately start testing different approaches to improve the results','نبدأ فوراً في اختبار مناهج مختلفة لتحسين النتائج',5,'Optimized',NULL,NULL,5),
 ('Q15_NA','Q15','NA','Not applicable to my role/organization','غير قابل للتطبيق على دوري/مؤسستي',0,'Not Applicable',NULL,NULL,6),
 ('Q15_NS','Q15','NS','Not sure/Don''t know','غير متأكد/لا أعرف',0,'Not Sure',NULL,NULL,7),
 ('Q16_A','Q16','A','We discuss whether the data might be missing important context about why we do things this way','نناقش ما إذا كانت البيانات تفتقد سياقاً مهماً حول سبب قيامنا بالأشياء بهذه الطريقة',1,'Initial',NULL,NULL,1),
 ('Q16_B','Q16','B','We acknowledge the data but note that our practices have worked well for years','نعترف بالبيانات لكن نلاحظ أن ممارساتنا نجحت لسنوات',2,'Developing',NULL,NULL,2),
 ('Q16_C','Q16','C','We ask our most experienced staff to review the data and share their thoughts','نطلب من أكثر موظفينا خبرة مراجعة البيانات ومشاركة أفكارهم',3,'Defined',NULL,NULL,3),
 ('Q16_D','Q16','D','We dig deeper into the data to understand if this contradiction represents a real opportunity','نتعمق في البيانات لفهم ما إذا كان هذا التناقض يمثل فرصة حقيقية',4,'Advanced',NULL,NULL,4),
 ('Q16_E','Q16','E','We treat this as a prompt to experiment with new approaches while monitoring results','نتعامل مع هذا كحافز لتجريب مناهج جديدة مع مراقبة النتائج',5,'Optimized',NULL,NULL,5),
 ('Q16_NA','Q16','NA','Not applicable to my role/organization','غير قابل للتطبيق على دوري/مؤسستي',0,'Not Applicable',NULL,NULL,6),
 ('Q16_NS','Q16','NS','Not sure/Don''t know','غير متأكد/لا أعرف',0,'Not Sure',NULL,NULL,7),
 ('Q17_A','Q17','A','We start with last year''s budget and adjust based on known changes','نبدأ بميزانية العام الماضي ونعدل بناء على التغييرات المعروفة',1,'Initial',NULL,NULL,1),
 ('Q17_B','Q17','B','We review our financial reports and discuss program manager requests','نراجع تقاريرنا المالية ونناقش طلبات مديري البرامج',2,'Developing',NULL,NULL,2),
 ('Q17_C','Q17','C','We look at which programs have the highest participation or activity levels','ننظر إلى البرامج التي لديها أعلى مستويات مشاركة أو نشاط',3,'Defined',NULL,NULL,3),
 ('Q17_D','Q17','D','We analyze cost per outcome and effectiveness data across different programs','نحلل التكلفة لكل نتيجة وبيانات الفعالية عبر البرامج المختلفة',4,'Advanced',NULL,NULL,4),
 ('Q17_E','Q17','E','We use comprehensive financial modeling that includes projections and scenario analysis','نستخدم نمذجة مالية شاملة تتضمن إسقاطات وتحليل السيناريوهات',5,'Optimized',NULL,NULL,5),
 ('Q17_NA','Q17','NA','Not applicable to my role/organization','غير قابل للتطبيق على دوري/مؤسستي',0,'Not Applicable',NULL,NULL,6),
 ('Q17_NS','Q17','NS','Not sure/Don''t know','غير متأكد/لا أعرف',0,'Not Sure',NULL,NULL,7),
 ('Q18_A','Q18','A','We pursue opportunities that align with our mission and leadership''s vision','نسعى وراء الفرص التي تتماشى مع مهمتنا ورؤية القيادة',1,'Initial',NULL,NULL,1),
 ('Q18_B','Q18','B','We research the basic market size and consider our organizational capacity','نبحث في حجم السوق الأساسي ونأخذ في الاعتبار قدرتنا التنظيمية',2,'Developing',NULL,NULL,2),
 ('Q18_C','Q18','C','We analyze demographic data and assess competitive landscape','نحلل البيانات الديموغرافية ونقيم المشهد التنافسي',3,'Defined',NULL,NULL,3),
 ('Q18_D','Q18','D','We conduct comprehensive market research including stakeholder needs assessment','نجري بحث سوق شامل يتضمن تقييم احتياجات أصحاب المصلحة',4,'Advanced',NULL,NULL,4),
 ('Q18_E','Q18','E','We develop detailed business cases with financial projections and risk analysis','نطور حالات عمل مفصلة مع إسقاطات مالية وتحليل المخاطر',5,'Optimized',NULL,NULL,5),
 ('Q18_NA','Q18','NA','Not applicable to my role/organization','غير قابل للتطبيق على دوري/مؤسستي',0,'Not Applicable',NULL,NULL,6),
 ('Q18_NS','Q18','NS','Not sure/Don''t know','غير متأكد/لا أعرف',0,'Not Sure',NULL,NULL,7),
 ('Q19_A','Q19','A','We share success stories and testimonials from people we''ve served','نشارك قصص النجاح والشهادات من الأشخاص الذين خدمناهم',1,'Initial',NULL,NULL,1),
 ('Q19_B','Q19','B','We provide activity numbers showing how many people we''ve reached','نقدم أرقام النشاط التي تظهر كم شخص وصلنا إليه',2,'Developing',NULL,NULL,2),
 ('Q19_C','Q19','C','We present outcome data showing the changes we''ve achieved','نعرض بيانات النتائج التي تظهر التغييرات التي حققناها',3,'Defined',NULL,NULL,3),
 ('Q19_D','Q19','D','We offer comprehensive reports showing our impact compared to goals and benchmarks','نقدم تقارير شاملة تظهر تأثيرنا مقارنة بالأهداف والمعايير المرجعية',4,'Advanced',NULL,NULL,4),
 ('Q19_E','Q19','E','We provide detailed analysis showing our unique contribution and long-term outcomes','نقدم تحليلاً مفصلاً يظهر مساهمتنا الفريدة والنتائج طويلة الأمد',5,'Optimized',NULL,NULL,5),
 ('Q19_NA','Q19','NA','Not applicable to my role/organization','غير قابل للتطبيق على دوري/مؤسستي',0,'Not Applicable',NULL,NULL,6),
 ('Q19_NS','Q19','NS','Not sure/Don''t know','غير متأكد/لا أعرف',0,'Not Sure',NULL,NULL,7),
 ('Q20_A','Q20','A','People generally ask their manager who decides based on job responsibilities','الناس عموماً يسألون مديرهم الذي يقرر بناء على مسؤوليات الوظيفة',1,'Initial',NULL,NULL,1),
 ('Q20_B','Q20','B','There''s a standard form to complete that goes through an approval process','هناك نموذج معياري لإكماله يمر بعملية موافقة',2,'Developing',NULL,NULL,2),
 ('Q20_C','Q20','C','Requests go through IT who check with the data owner before granting access','الطلبات تمر عبر تقنية المعلومات التي تتحقق مع مالك البيانات قبل منح الوصول',3,'Defined',NULL,NULL,3),
 ('Q20_D','Q20','D','We have formal procedures that include security reviews for sensitive data access','لدينا إجراءات رسمية تتضمن مراجعات أمنية للوصول للبيانات الحساسة',4,'Advanced',NULL,NULL,4),
 ('Q20_E','Q20','E','Our systems automatically manage access based on roles with continuous monitoring','أنظمتنا تدير الوصول تلقائياً بناء على الأدوار مع مراقبة مستمرة',5,'Optimized',NULL,NULL,5),
 ('Q20_NA','Q20','NA','Not applicable to my role/organization','غير قابل للتطبيق على دوري/مؤسستي',0,'Not Applicable',NULL,NULL,6),
 ('Q20_NS','Q20','NS','Not sure/Don''t know','غير متأكد/لا أعرف',0,'Not Sure',NULL,NULL,7),
 ('Q21_A','Q21','A','HR notifies IT who removes access when they get around to it','الموارد البشرية تخبر تقنية المعلومات التي تزيل الوصول عندما يجدون الوقت لذلك',1,'Initial',NULL,NULL,1),
 ('Q21_B','Q21','B','IT receives a list of departing staff and removes access within a week or two','تقنية المعلومات تتلقى قائمة بالموظفين المغادرين وتزيل الوصول خلال أسبوع أو اثنين',2,'Developing',NULL,NULL,2),
 ('Q21_C','Q21','C','Access removal is part of the standard departure checklist','إزالة الوصول جزء من قائمة مراجعة المغادرة المعيارية',3,'Defined',NULL,NULL,3),
 ('Q21_D','Q21','D','IT automatically receives notification and removes access within 24 hours','تقنية المعلومات تتلقى إشعاراً تلقائياً وتزيل الوصول خلال 24 ساعة',4,'Advanced',NULL,NULL,4),
 ('Q21_E','Q21','E','Systems automatically disable access immediately when someone''s employment ends','الأنظمة تعطل الوصول تلقائياً فوراً عند انتهاء توظيف شخص ما',5,'Optimized',NULL,NULL,5),
 ('Q21_NA','Q21','NA','Not applicable to my role/organization','غير قابل للتطبيق على دوري/مؤسستي',0,'Not Applicable',NULL,NULL,6),
 ('Q21_NS','Q21','NS','Not sure/Don''t know','غير متأكد/لا أعرف',0,'Not Sure',NULL,NULL,7),
 ('Q22_A','Q22','A','We have basic backups but haven''t tested the recovery process recently','لدينا نسخ احتياطية أساسية لكننا لم نختبر عملية الاسترداد مؤخراً',1,'Initial',NULL,NULL,1),
 ('Q22_B','Q22','B','Our IT team is confident they could restore most data, though it might take some time','فريق تقنية المعلومات واثق من قدرته على استرداد معظم البيانات، رغم أن ذلك قد يستغرق وقتاً',2,'Developing',NULL,NULL,2),
 ('Q22_C','Q22','C','We have documented backup procedures and test them periodically','لدينا إجراءات نسخ احتياطية موثقة ونختبرها دورياً',3,'Defined',NULL,NULL,3),
 ('Q22_D','Q22','D','We regularly test our backup systems and have proven recovery capabilities','نختبر أنظمة النسخ الاحتياطي بانتظام ولدينا قدرات استرداد مثبتة',4,'Advanced',NULL,NULL,4),
 ('Q22_E','Q22','E','We have multiple backup systems with automated recovery that minimizes downtime','لدينا أنظمة نسخ احتياطية متعددة مع استرداد آلي يقلل من وقت التوقف',5,'Optimized',NULL,NULL,5),
 ('Q22_NA','Q22','NA','Not applicable to my role/organization','غير قابل للتطبيق على دوري/مؤسستي',0,'Not Applicable',NULL,NULL,6),
 ('Q22_NS','Q22','NS','Not sure/Don''t know','غير متأكد/لا أعرف',0,'Not Sure',NULL,NULL,7),
 ('Q23_A','Q23','A','We assume people understand when they sign up for our services','نفترض أن الناس يفهمون عندما يسجلون في خدماتنا',1,'Initial',NULL,NULL,1),
 ('Q23_B','Q23','B','We provide basic information about data use in our standard forms','نقدم معلومات أساسية حول استخدام البيانات في نماذجنا المعيارية',2,'Developing',NULL,NULL,2),
 ('Q23_C','Q23','C','We have privacy notices that we make sure most people receive','لدينا إشعارات خصوصية نتأكد من أن معظم الناس يتلقونها',3,'Defined',NULL,NULL,3),
 ('Q23_D','Q23','D','We ensure everyone gets clear, easy-to-understand information about data use','نضمن حصول الجميع على معلومات واضحة وسهلة الفهم حول استخدام البيانات',4,'Advanced',NULL,NULL,4),
 ('Q23_E','Q23','E','We use detailed consent processes that let people choose exactly how their data is used','نستخدم عمليات موافقة مفصلة تتيح للناس اختيار كيفية استخدام بياناتهم بالضبط',5,'Optimized',NULL,NULL,5),
 ('Q23_NA','Q23','NA','Not applicable to my role/organization','غير قابل للتطبيق على دوري/مؤسستي',0,'Not Applicable',NULL,NULL,6),
 ('Q23_NS','Q23','NS','Not sure/Don''t know','غير متأكد/لا أعرف',0,'Not Sure',NULL,NULL,7),
 ('Q24_A','Q24','A','We address regulations when issues come up or we''re notified of changes','نتعامل مع اللوائح عند ظهور مشاكل أو عندما نُخطر بالتغييرات',1,'Initial',NULL,NULL,1),
 ('Q24_B','Q24','B','We periodically review relevant regulations as part of our planning process','نراجع اللوائح ذات الصلة دورياً كجزء من عملية التخطيط',2,'Developing',NULL,NULL,2),
 ('Q24_C','Q24','C','We monitor key regulations but might occasionally miss updates','نراقب اللوائح الرئيسية لكن قد نفوت التحديثات أحياناً',3,'Defined',NULL,NULL,3),
 ('Q24_D','Q24','D','We have systematic processes to track and implement regulatory changes','لدينا عمليات منهجية لتتبع وتنفيذ التغييرات التنظيمية',4,'Advanced',NULL,NULL,4),
 ('Q24_E','Q24','E','We proactively monitor regulatory developments and often exceed requirements','نراقب التطورات التنظيمية بشكل استباقي وغالباً نتجاوز المتطلبات',5,'Optimized',NULL,NULL,5),
 ('Q24_NA','Q24','NA','Not applicable to my role/organization','غير قابل للتطبيق على دوري/مؤسستي',0,'Not Applicable',NULL,NULL,6),
 ('Q24_NS','Q24','NS','Not sure/Don''t know','غير متأكد/لا أعرف',0,'Not Sure',NULL,NULL,7),
 ('Q25_A','Q25','A','We proceed if the new use seems reasonable and would benefit our mission','نمضي قدماً إذا بدا الاستخدام الجديد معقولاً ومفيداً لمهمتنا',1,'Initial',NULL,NULL,1),
 ('Q25_B','Q25','B','We check our legal and policy requirements before proceeding','نتحقق من متطلباتنا القانونية والسياسية قبل المتابعة',2,'Developing',NULL,NULL,2),
 ('Q25_C','Q25','C','We consider how clients and stakeholders might feel about the new use','نأخذ في الاعتبار كيف قد يشعر العملاء وأصحاب المصلحة حول الاستخدام الجديد',3,'Defined',NULL,NULL,3),
 ('Q25_D','Q25','D','We have formal processes to review ethical implications of new data uses','لدينا عمليات رسمية لمراجعة الآثار الأخلاقية لاستخدامات البيانات الجديدة',4,'Advanced',NULL,NULL,4),
 ('Q25_E','Q25','E','We use comprehensive ethical frameworks with stakeholder input and ongoing oversight','نستخدم أطر أخلاقية شاملة مع مدخلات أصحاب المصلحة والإشراف المستمر',5,'Optimized',NULL,NULL,5),
 ('Q25_NA','Q25','NA','Not applicable to my role/organization','غير قابل للتطبيق على دوري/مؤسستي',0,'Not Applicable',NULL,NULL,6),
 ('Q25_NS','Q25','NS','Not sure/Don''t know','غير متأكد/لا أعرف',0,'Not Sure',NULL,NULL,7),
 ('Q26_A','Q26','A','Leaders primarily rely on their experience and strategic vision for major decisions','القادة يعتمدون بشكل أساسي على خبرتهم ورؤيتهم الاستراتيجية للقرارات الرئيسية',1,'Initial',NULL,NULL,1),
 ('Q26_B','Q26','B','Leaders occasionally reference data when it supports their preferred direction','القادة يشيرون أحياناً للبيانات عندما تدعم اتجاههم المفضل',2,'Developing',NULL,NULL,2),
 ('Q26_C','Q26','C','Leaders regularly seek out data to inform their decision-making process','القادة يبحثون بانتظام عن البيانات لتوجيه عملية صنع القرار',3,'Defined',NULL,NULL,3),
 ('Q26_D','Q26','D','Leaders consistently expect data to support most significant organizational decisions','القادة يتوقعون باستمرار أن تدعم البيانات معظم القرارات التنظيمية المهمة',4,'Advanced',NULL,NULL,4),
 ('Q26_E','Q26','E','Leaders actively model data-driven thinking and require it from their teams','القادة يمثلون بنشاط التفكير المدفوع بالبيانات ويطلبونه من فرقهم',5,'Optimized',NULL,NULL,5),
 ('Q26_NA','Q26','NA','Not applicable to my role/organization','غير قابل للتطبيق على دوري/مؤسستي',0,'Not Applicable',NULL,NULL,6),
 ('Q26_NS','Q26','NS','Not sure/Don''t know','غير متأكد/لا أعرف',0,'Not Sure',NULL,NULL,7),
 ('Q27_A','Q27','A','They focus on understanding why the data might not tell the complete story','يركزون على فهم لماذا قد لا تحكي البيانات القصة الكاملة',1,'Initial',NULL,NULL,1),
 ('Q27_B','Q27','B','They acknowledge the data but prefer to move slowly on major changes','يعترفون بالبيانات لكن يفضلون التحرك ببطء في التغييرات الرئيسية',2,'Developing',NULL,NULL,2),
 ('Q27_C','Q27','C','They take the data seriously while considering other factors and context','يأخذون البيانات بجدية مع أخذ عوامل وسياق آخر في الاعتبار',3,'Defined',NULL,NULL,3),
 ('Q27_D','Q27','D','They use the data to systematically review and adjust their approach','يستخدمون البيانات لمراجعة وتعديل نهجهم بشكل منهجي',4,'Advanced',NULL,NULL,4),
 ('Q27_E','Q27','E','They embrace challenging data as opportunities to improve and innovate','يتبنون البيانات المتحدية كفرص للتحسين والابتكار',5,'Optimized',NULL,NULL,5),
 ('Q27_NA','Q27','NA','Not applicable to my role/organization','غير قابل للتطبيق على دوري/مؤسستي',0,'Not Applicable',NULL,NULL,6),
 ('Q27_NS','Q27','NS','Not sure/Don''t know','غير متأكد/لا أعرف',0,'Not Sure',NULL,NULL,7),
 ('Q28_A','Q28','A','Data improvements are considered along with many other competing priorities','تحسينات البيانات تُعتبر مع العديد من الأولويات المتنافسة الأخرى',1,'Initial',NULL,NULL,1),
 ('Q28_B','Q28','B','Data improvements get attention when they clearly support operational needs','تحسينات البيانات تحصل على اهتمام عندما تدعم بوضوح الاحتياجات التشغيلية',2,'Developing',NULL,NULL,2),
 ('Q28_C','Q28','C','Data capabilities are regularly discussed in technology planning conversations','قدرات البيانات تُناقش بانتظام في محادثات التخطيط التقني',3,'Defined',NULL,NULL,3),
 ('Q28_D','Q28','D','Data improvements are recognized as important and receive dedicated resources','تحسينات البيانات معترف بها كمهمة وتحصل على موارد مخصصة',4,'Advanced',NULL,NULL,4),
 ('Q28_E','Q28','E','Data capabilities are viewed as strategic assets deserving priority investment','قدرات البيانات تُنظر إليها كأصول استراتيجية تستحق الاستثمار الأولوي',5,'Optimized',NULL,NULL,5),
 ('Q28_NA','Q28','NA','Not applicable to my role/organization','غير قابل للتطبيق على دوري/مؤسستي',0,'Not Applicable',NULL,NULL,6),
 ('Q28_NS','Q28','NS','Not sure/Don''t know','غير متأكد/لا أعرف',0,'Not Sure',NULL,NULL,7),
 ('Q29_A','Q29','A','Changes are announced and staff are expected to adapt over time','التغييرات تُعلن ويُتوقع من الموظفين التكيف مع الوقت',1,'Initial',NULL,NULL,1),
 ('Q29_B','Q29','B','Leaders provide basic communication about why changes are needed','القادة يقدمون تواصلاً أساسياً حول لماذا التغييرات مطلوبة',2,'Developing',NULL,NULL,2),
 ('Q29_C','Q29','C','Leadership addresses concerns and provides support during transitions','القيادة تتعامل مع المخاوف وتقدم الدعم أثناء الانتقالات',3,'Defined',NULL,NULL,3),
 ('Q29_D','Q29','D','Leaders actively manage resistance with structured change management processes','القادة يديرون المقاومة بنشاط مع عمليات إدارة تغيير منظمة',4,'Advanced',NULL,NULL,4),
 ('Q29_E','Q29','E','Leadership creates enthusiasm and buy-in that minimizes resistance to data-driven changes','القيادة تخلق حماساً وقبولاً يقلل من المقاومة للتغييرات المدفوعة بالبيانات',5,'Optimized',NULL,NULL,5),
 ('Q29_NA','Q29','NA','Not applicable to my role/organization','غير قابل للتطبيق على دوري/مؤسستي',0,'Not Applicable',NULL,NULL,6),
 ('Q29_NS','Q29','NS','Not sure/Don''t know','غير متأكد/لا أعرف',0,'Not Sure',NULL,NULL,7),
 ('Q30_A','Q30','A','We work with the technical skills we have and focus on simpler data projects','نعمل مع المهارات التقنية التي لدينا ونركز على مشاريع بيانات أبسط',1,'Initial',NULL,NULL,1),
 ('Q30_B','Q30','B','We bring in consultants or contractors when we need specialized data expertise','نستعين بمستشارين أو متعاقدين عندما نحتاج خبرة بيانات متخصصة',2,'Developing',NULL,NULL,2),
 ('Q30_C','Q30','C','We have some good technical people but they''re often stretched across many projects','لدينا بعض الأشخاص التقنيين الجيدين لكنهم غالباً ممتدين عبر مشاريع كثيرة',3,'Defined',NULL,NULL,3),
 ('Q30_D','Q30','D','We have solid technical capabilities that meet most of our data needs','لدينا قدرات تقنية قوية تلبي معظم احتياجاتنا من البيانات',4,'Advanced',NULL,NULL,4),
 ('Q30_E','Q30','E','We have exceptional technical depth and can tackle sophisticated data challenges','لدينا عمق تقني استثنائي ويمكننا التعامل مع تحديات بيانات متطورة',5,'Optimized',NULL,NULL,5),
 ('Q30_NA','Q30','NA','Not applicable to my role/organization','غير قابل للتطبيق على دوري/مؤسستي',0,'Not Applicable',NULL,NULL,6),
 ('Q30_NS','Q30','NS','Not sure/Don''t know','غير متأكد/لا أعرف',0,'Not Sure',NULL,NULL,7),
 ('Q31_A','Q31','A','We hire people with the data skills they need for their specific roles','نوظف أشخاصاً بمهارات البيانات التي يحتاجونها لأدوارهم المحددة',1,'Initial',NULL,NULL,1),
 ('Q31_B','Q31','B','Staff pick up data skills informally as needed for their work','الموظفون يكتسبون مهارات البيانات بشكل غير رسمي حسب الحاجة لعملهم',2,'Developing',NULL,NULL,2),
 ('Q31_C','Q31','C','We provide basic data training and resources when people need them','نقدم تدريب وموارد بيانات أساسية عندما يحتاجها الناس',3,'Defined',NULL,NULL,3),
 ('Q31_D','Q31','D','We have structured programs to build data literacy across the organization','لدينا برامج منظمة لبناء محو الأمية البيانات عبر المؤسسة',4,'Advanced',NULL,NULL,4),
 ('Q31_E','Q31','E','We systematically develop advanced data fluency at every organizational level','نطور بشكل منهجي طلاقة بيانات متقدمة في كل مستوى تنظيمي',5,'Optimized',NULL,NULL,5),
 ('Q31_NA','Q31','NA','Not applicable to my role/organization','غير قابل للتطبيق على دوري/مؤسستي',0,'Not Applicable',NULL,NULL,6),
 ('Q31_NS','Q31','NS','Not sure/Don''t know','غير متأكد/لا أعرف',0,'Not Sure',NULL,NULL,7),
 ('Q32_A','Q32','A','We focus on hiring for other skills and develop data capabilities internally','نركز على التوظيف لمهارات أخرى ونطور قدرات البيانات داخلياً',1,'Initial',NULL,NULL,1),
 ('Q32_B','Q32','B','We have some success attracting data talent but face competition and turnover','لدينا بعض النجاح في جذب مواهب البيانات لكن نواجه منافسة ودوران',2,'Developing',NULL,NULL,2),
 ('Q32_C','Q32','C','We generally succeed in building a team with adequate data skills','ننجح عموماً في بناء فريق بمهارات بيانات كافية',3,'Defined',NULL,NULL,3),
 ('Q32_D','Q32','D','We have a strong track record of attracting and keeping good data talent','لدينا سجل قوي في جذب والاحتفاظ بمواهب بيانات جيدة',4,'Advanced',NULL,NULL,4),
 ('Q32_E','Q32','E','We''re recognized as a destination for top data talent and rarely lose key people','نحن معترف بنا كوجهة لأفضل مواهب البيانات ونادراً ما نفقد أشخاصاً مهمين',5,'Optimized',NULL,NULL,5),
 ('Q32_NA','Q32','NA','Not applicable to my role/organization','غير قابل للتطبيق على دوري/مؤسستي',0,'Not Applicable',NULL,NULL,6),
 ('Q32_NS','Q32','NS','Not sure/Don''t know','غير متأكد/لا أعرف',0,'Not Sure',NULL,NULL,7),
 ('Q33_A','Q33','A','Staff are respectful of established practices and focus on executing well','الموظفون محترمون للممارسات المعمول بها ويركزون على التنفيذ الجيد',1,'Initial',NULL,NULL,1),
 ('Q33_B','Q33','B','People occasionally raise questions but prefer to work within existing approaches','الناس يطرحون أسئلة أحياناً لكن يفضلون العمل ضمن المناهج الموجودة',2,'Developing',NULL,NULL,2),
 ('Q33_C','Q33','C','Staff feel comfortable sharing data insights that might challenge current thinking','الموظفون يشعرون بالراحة في مشاركة رؤى البيانات التي قد تتحدى التفكير الحالي',3,'Defined',NULL,NULL,3),
 ('Q33_D','Q33','D','We actively encourage people to use data to question and improve our methods','نشجع الناس بنشاط على استخدام البيانات للتشكيك في وتحسين طرقنا',4,'Advanced',NULL,NULL,4),
 ('Q33_E','Q33','E','Challenging assumptions with data is celebrated and seen as essential to our success','تحدي الافتراضات بالبيانات يُحتفى به ويُنظر إليه كأساسي لنجاحنا',5,'Optimized',NULL,NULL,5),
 ('Q33_NA','Q33','NA','Not applicable to my role/organization','غير قابل للتطبيق على دوري/مؤسستي',0,'Not Applicable',NULL,NULL,6),
 ('Q33_NS','Q33','NS','Not sure/Don''t know','غير متأكد/لا أعرف',0,'Not Sure',NULL,NULL,7),
 ('Q34_A','Q34','A','Technical and program teams generally work independently on their respective areas','الفرق التقنية وفرق البرامج تعمل عموماً بشكل مستقل في مجالاتها المختصة',1,'Initial',NULL,NULL,1),
 ('Q34_B','Q34','B','Teams coordinate when needed but maintain their separate focuses and priorities','الفرق تنسق عند الحاجة لكن تحافظ على تركيزها وأولوياتها المنفصلة',2,'Developing',NULL,NULL,2),
 ('Q34_C','Q34','C','There''s regular communication and some joint projects between technical and program staff','هناك تواصل منتظم وبعض المشاريع المشتركة بين الموظفين التقنيين وموظفي البرامج',3,'Defined',NULL,NULL,3),
 ('Q34_D','Q34','D','We have strong collaboration with integrated workflows across technical and program teams','لدينا تعاون قوي مع سير عمل متكامل عبر الفرق التقنية وفرق البرامج',4,'Advanced',NULL,NULL,4),
 ('Q34_E','Q34','E','Our technical and program teams work seamlessly together with shared goals and accountability','فرقنا التقنية وفرق البرامج تعمل بسلاسة معاً بأهداف ومساءلة مشتركة',5,'Optimized',NULL,NULL,5),
 ('Q34_NA','Q34','NA','Not applicable to my role/organization','غير قابل للتطبيق على دوري/مؤسستي',0,'Not Applicable',NULL,NULL,6),
 ('Q34_NS','Q34','NS','Not sure/Don''t know','غير متأكد/لا أعرف',0,'Not Sure',NULL,NULL,7),
 ('Q35_A','Q35','A','We prefer to implement proven approaches rather than experiment with new methods','نفضل تنفيذ مناهج مثبتة بدلاً من التجريب مع طرق جديدة',1,'Initial',NULL,NULL,1),
 ('Q35_B','Q35','B','We occasionally try new approaches when they seem likely to succeed','نجرب أحياناً مناهج جديدة عندما تبدو محتملة النجاح',2,'Developing',NULL,NULL,2),
 ('Q35_C','Q35','C','We''re open to testing new ideas when we have time and resources available','نحن منفتحون لاختبار أفكار جديدة عندما يكون لدينا وقت وموارد متاحة',3,'Defined',NULL,NULL,3),
 ('Q35_D','Q35','D','We regularly experiment with data-driven improvements and learn from the results','نجري تجارب بانتظام مع تحسينات مدفوعة بالبيانات ونتعلم من النتائج',4,'Advanced',NULL,NULL,4),
 ('Q35_E','Q35','E','Experimentation and data-driven learning are core to how we continuously improve','التجريب والتعلم المدفوع بالبيانات أساسيان في كيفية تحسننا المستمر',5,'Optimized',NULL,NULL,5),
 ('Q35_NA','Q35','NA','Not applicable to my role/organization','غير قابل للتطبيق على دوري/مؤسستي',0,'Not Applicable',NULL,NULL,6),
 ('Q35_NS','Q35','NS','Not sure/Don''t know','غير متأكد/لا أعرف',0,'Not Sure',NULL,NULL,7);
INSERT INTO "questions" ("id","subdomain_id","title_en","title_ar","text_en","text_ar","scenario_en","scenario_ar","icon","display_order") VALUES ('Q1','DATA_COLLECTION','Data Needs Identification','تحديد احتياجات البيانات','How does your organization typically identify what data needs to be collected?','كيف تحدد مؤسستكم عادة البيانات التي تحتاج إلى جمعها؟','Your organization needs to systematically collect data from various sources including customers, operations, systems, and external partners to support decision-making and operations.','تحتاج مؤسستكم إلى جمع البيانات بشكل منهجي من مصادر مختلفة بما في ذلك العملاء والعمليات والأنظمة والشركاء الخارجيين لدعم اتخاذ القرارات والعمليات.','🎯',1),
 ('Q2','DATA_COLLECTION','Collection Process Design','تصميم عملية الجمع','When your organization starts collecting data from a new source, what''s your typical approach?','عندما تبدأ مؤسستكم في جمع البيانات من مصدر جديد، ما هو نهجكم المعتاد؟','Your organization needs to systematically collect data from various sources including customers, operations, systems, and external partners to support decision-making and operations.','تحتاج مؤسستكم إلى جمع البيانات بشكل منهجي من مصادر مختلفة بما في ذلك العملاء والعمليات والأنظمة والشركاء الخارجيين لدعم اتخاذ القرارات والعمليات.','⚙️',2),
 ('Q3','DATA_COLLECTION','Collection Standardization','توحيد عملية الجمع','How does your organization ensure data is collected consistently across different departments or locations?','كيف تضمن مؤسستكم جمع البيانات بثبات عبر الأقسام أو المواقع المختلفة؟','Your organization needs to systematically collect data from various sources including customers, operations, systems, and external partners to support decision-making and operations.','تحتاج مؤسستكم إلى جمع البيانات بشكل منهجي من مصادر مختلفة بما في ذلك العملاء والعمليات والأنظمة والشركاء الخارجيين لدعم اتخاذ القرارات والعمليات.','📏',3),
 ('Q4','INFRASTRUCTURE','Data Integration Capability','تكامل مصادر البيانات','When your organization needs to combine data from different sources for analysis, what''s the typical experience?','عندما تحتاج مؤسستكم للجمع بين البيانات من مصادر متعددة، كيف يحدث ذلك عادة؟','Your organization relies on various technology systems to store, manage, process, and integrate data effectively to support your operations and analysis needs.','مؤسستكم تحتاج إلى أساس تقني قوي لتخزين ومعالجة ودمج البيانات من مصادر مختلفة بفعالية، مع ضمان الوصول الموثوق والأداء المناسب لجميع المستخدمين.','🔗',4),
 ('Q5','INFRASTRUCTURE','System Reliability and Performance','مرونة الأنظمة','When your organization''s data systems experience problems or slowdowns, what typically happens?','عندما تغيرت احتياجات بيانات مؤسستكم مؤخراً، كيف استجابت أنظمتكم التقنية؟','Your organization relies on various technology systems to store, manage, process, and integrate data effectively to support your operations and analysis needs.','مؤسستكم تحتاج إلى أساس تقني قوي لتخزين ومعالجة ودمج البيانات من مصادر مختلفة بفعالية، مع ضمان الوصول الموثوق والأداء المناسب لجميع المستخدمين.','🖥️',5),
 ('Q6','INFRASTRUCTURE','Scalability and Capacity Management','أداء النظام','How does your organization typically handle growing data storage and processing needs?','كيف تتعامل أنظمة البيانات في مؤسستكم مع الزيادة في حجم البيانات أو عدد المستخدمين؟','Your organization relies on various technology systems to store, manage, process, and integrate data effectively to support your operations and analysis needs.','مؤسستكم تحتاج إلى أساس تقني قوي لتخزين ومعالجة ودمج البيانات من مصادر مختلفة بفعالية، مع ضمان الوصول الموثوق والأداء المناسب لجميع المستخدمين.','📈',6),
 ('Q7','QUALITY','Error Detection and Correction','اكتشاف مشاكل الجودة','When staff notice errors or inconsistencies in your organization''s data, what typically happens?','عندما تكتشف مؤسستكم أن البيانات غير دقيقة أو غير مكتملة، كيف تتعاملون مع هذا عادة؟','Your organization collects and manages large amounts of data from multiple sources, and ensuring this data is accurate, complete, and reliable is critical for making good decisions.','مؤسستكم تعتمد على البيانات الدقيقة والموثوقة لاتخاذ القرارات، وتحتاج لضمان أن المعلومات المستخدمة في التحليل والتقارير صحيحة ومتسقة وحديثة.','🔍',7),
 ('Q8','QUALITY','Data Consistency Management','معايير البيانات','When the same information appears in multiple systems across your organization, how consistent is it?','ما مدى وضوح معايير جودة البيانات في مؤسستكم؟','Your organization collects and manages large amounts of data from multiple sources, and ensuring this data is accurate, complete, and reliable is critical for making good decisions.','مؤسستكم تعتمد على البيانات الدقيقة والموثوقة لاتخاذ القرارات، وتحتاج لضمان أن المعلومات المستخدمة في التحليل والتقارير صحيحة ومتسقة وحديثة.','⚖️',8),
 ('Q9','QUALITY','Data Standards and Documentation','منع مشاكل الجودة','When new staff join your organization, how do they learn what different data fields mean and how to use them properly?','كيف تمنع مؤسستكم مشاكل جودة البيانات من الحدوث في المقام الأول؟','Your organization collects and manages large amounts of data from multiple sources, and ensuring this data is accurate, complete, and reliable is critical for making good decisions.','مؤسستكم تعتمد على البيانات الدقيقة والموثوقة لاتخاذ القرارات، وتحتاج لضمان أن المعلومات المستخدمة في التحليل والتقارير صحيحة ومتسقة وحديثة.','📚',9),
 ('Q10','ANALYSIS','Causal Analysis Capability','عمق التحليل','When trying to understand why something happened in your organization, what''s your typical approach?','عندما تحتاج مؤسستكم لفهم الاتجاهات أو الأنماط في البيانات، ما هو نهجكم المعتاد؟','Your organization faces complex operational challenges and needs to understand what''s causing certain outcomes, identify patterns, and predict future trends to make informed decisions.','مؤسستكم تحتاج لاستخراج رؤى مفيدة من البيانات لفهم الأداء وتحديد الفرص والمخاطر واتخاذ قرارات مدروسة بناءً على الأدلة.','🔬',10),
 ('Q11','ANALYSIS','Predictive Analysis and Planning','التحليل التنبؤي','When planning for the upcoming year, how does your organization typically approach potential future challenges?','إلى أي مدى تستخدم مؤسستكم البيانات للتنبؤ بالنتائج أو الاتجاهات المستقبلية؟','Your organization faces complex operational challenges and needs to understand what''s causing certain outcomes, identify patterns, and predict future trends to make informed decisions.','مؤسستكم تحتاج لاستخراج رؤى مفيدة من البيانات لفهم الأداء وتحديد الفرص والمخاطر واتخاذ قرارات مدروسة بناءً على الأدلة.','🔮',11),
 ('Q12','ANALYSIS','Program Evaluation Rigor','تعقيد التحليل','How does your organization typically investigate whether your programs are working effectively?','ما هو مستوى تعقيد التحليل الذي يمكن لمؤسستكم التعامل معه؟','Your organization faces complex operational challenges and needs to understand what''s causing certain outcomes, identify patterns, and predict future trends to make informed decisions.','مؤسستكم تحتاج لاستخراج رؤى مفيدة من البيانات لفهم الأداء وتحديد الفرص والمخاطر واتخاذ قرارات مدروسة بناءً على الأدلة.','📊',12),
 ('Q13','ANALYSIS','Comparative Analysis and Benchmarking','الوصول للتحليل','When comparing your organization''s performance to others, what approach do you typically take?','من يستطيع إجراء تحليل متقدم للبيانات في مؤسستكم؟','Your organization faces complex operational challenges and needs to understand what''s causing certain outcomes, identify patterns, and predict future trends to make informed decisions.','مؤسستكم تحتاج لاستخراج رؤى مفيدة من البيانات لفهم الأداء وتحديد الفرص والمخاطر واتخاذ قرارات مدروسة بناءً على الأدلة.','📈',13),
 ('Q14','APPLICATION','Insight Implementation Process','تطبيق الرؤى','When your organization identifies a significant data insight, what typically happens next?','عندما يكتشف التحليل رؤية مهمة، ماذا يحدث عادة بعد ذلك؟','Your organization has been analyzing data and has identified interesting patterns and insights. Now you need to decide what to do with these findings to improve operations and achieve better results.','مؤسستكم تحتاج لتحويل رؤى البيانات إلى إجراءات ملموسة وتحسينات تشغيلية تؤدي إلى نتائج أفضل للمؤسسة.','⚡',14),
 ('Q15','APPLICATION','Performance Problem Response','الاستجابة للأداء الضعيف','When a program shows poor performance in your data, how does your organization typically respond?','عندما تظهر البيانات أداءً ضعيفاً لبرنامج ما، كيف تستجيب مؤسستكم عادة؟','Your organization has been analyzing data and has identified interesting patterns and insights. Now you need to decide what to do with these findings to improve operations and achieve better results.','مؤسستكم تحتاج لتحويل رؤى البيانات إلى إجراءات ملموسة وتحسينات تشغيلية تؤدي إلى نتائج أفضل للمؤسسة.','🔧',15),
 ('Q16','APPLICATION','Change Management for Data-Driven Insights','التحدي للممارسات الحالية','How does your organization typically handle situations where data contradicts established practices?','عندما تشير البيانات إلى أن شيئاً تفعلونه قد لا يكون فعالاً، كيف تتفاعل مؤسستكم؟','Your organization has been analyzing data and has identified interesting patterns and insights. Now you need to decide what to do with these findings to improve operations and achieve better results.','مؤسستكم تحتاج لتحويل رؤى البيانات إلى إجراءات ملموسة وتحسينات تشغيلية تؤدي إلى نتائج أفضل للمؤسسة.','🔄',16),
 ('Q17','STRATEGY','Data-Driven Resource Allocation','توثيق الاستراتيجية','When budget discussions arise, what information does your organization typically reference first?','عندما تطلب القيادة رؤية استراتيجية البيانات في مؤسستكم، ماذا يحدث عادة؟','Your organization is making important strategic decisions about resource allocation, new initiatives, market expansion, and communicating value to stakeholders using data insights.','مؤسستكم تحتاج لدمج رؤى البيانات في اتخاذ القرارات رفيعة المستوى والتخطيط الاستراتيجي لضمان أن البيانات تدعم الأهداف التنظيمية.','💰',17),
 ('Q18','STRATEGY','Strategic Expansion Analysis','محاذاة الاستراتيجية','How does your organization typically make decisions about entering new markets or program areas?','كيف ترتبط جهود البيانات في مؤسستكم بأهدافكم التنظيمية الأوسع؟','Your organization is making important strategic decisions about resource allocation, new initiatives, market expansion, and communicating value to stakeholders using data insights.','مؤسستكم تحتاج لدمج رؤى البيانات في اتخاذ القرارات رفيعة المستوى والتخطيط الاستراتيجي لضمان أن البيانات تدعم الأهداف التنظيمية.','🚀',18),
 ('Q19','STRATEGY','Impact Communication and Accountability','الاستثمار في البيانات','When stakeholders ask about your organization''s impact and effectiveness, how do you typically respond?','كيف تتخذ مؤسستكم قرارات حول الاستثمار في قدرات البيانات الجديدة؟','Your organization is making important strategic decisions about resource allocation, new initiatives, market expansion, and communicating value to stakeholders using data insights.','مؤسستكم تحتاج لدمج رؤى البيانات في اتخاذ القرارات رفيعة المستوى والتخطيط الاستراتيجي لضمان أن البيانات تدعم الأهداف التنظيمية.','📢',19),
 ('Q20','SECURITY','Access Control Management','ضوابط الوصول','How does your organization typically handle requests for access to sensitive data?','كيف تتحكم مؤسستكم في من يمكنه الوصول لأنواع مختلفة من البيانات؟','Your organization handles sensitive information that needs to be protected from unauthorized access, breaches, and loss while still allowing authorized staff to access the data they need for their work.','مؤسستكم تحتاج لحماية أصول البيانات من الوصول غير المصرح به، والانتهاكات، وفقدان البيانات مع الحفاظ على إمكانية الوصول المناسب للمستخدمين المصرح لهم.','🔐',20),
 ('Q21','SECURITY','Security Lifecycle Management','مراقبة الأمان','When staff leave your organization, what happens to their access to data systems?','كيف تراقب مؤسستكم الوصول غير المعتاد أو المشبوه للبيانات؟','Your organization handles sensitive information that needs to be protected from unauthorized access, breaches, and loss while still allowing authorized staff to access the data they need for their work.','مؤسستكم تحتاج لحماية أصول البيانات من الوصول غير المصرح به، والانتهاكات، وفقدان البيانات مع الحفاظ على إمكانية الوصول المناسب للمستخدمين المصرح لهم.','👋',21),
 ('Q22','SECURITY','Disaster Recovery and Business Continuity','استرداد البيانات','If your organization''s data systems were compromised, how confident are you in your ability to recover?','إذا فقدت مؤسستكم الوصول لبيانات مهمة غداً، كم من الوقت ستحتاجون لاستردادها؟','Your organization handles sensitive information that needs to be protected from unauthorized access, breaches, and loss while still allowing authorized staff to access the data they need for their work.','مؤسستكم تحتاج لحماية أصول البيانات من الوصول غير المصرح به، والانتهاكات، وفقدان البيانات مع الحفاظ على إمكانية الوصول المناسب للمستخدمين المصرح لهم.','🛡️',22),
 ('Q23','RESPONSIBLE','Privacy and Consent Management','الشفافية مع العملاء','When collecting personal information from clients or customers, how does your organization ensure they understand how their data will be used?','كيف تتعامل مؤسستكم مع شفافية استخدام بيانات العملاء؟','Your organization collects personal information from clients and customers, and you need to ensure this data is used ethically, transparently, and in compliance with relevant regulations and privacy laws.','مؤسستكم تحتاج لضمان أن جميع استخدامات البيانات أخلاقية ومتوافقة مع القوانين وتحافظ على ثقة أصحاب المصلحة من خلال الممارسات الشفافة والمسؤولة.','🔒',23),
 ('Q24','RESPONSIBLE','Regulatory Compliance Management','الامتثال التنظيمي','How does your organization stay current with regulations that affect your data practices?','كيف تبقى مؤسستكم محدثة مع متطلبات حماية البيانات والخصوصية؟','Your organization collects personal information from clients and customers, and you need to ensure this data is used ethically, transparently, and in compliance with relevant regulations and privacy laws.','مؤسستكم تحتاج لضمان أن جميع استخدامات البيانات أخلاقية ومتوافقة مع القوانين وتحافظ على ثقة أصحاب المصلحة من خلال الممارسات الشفافة والمسؤولة.','📋',24),
 ('Q25','RESPONSIBLE','Ethical Data Use Evaluation','تقييم الاستخدامات الجديدة','When considering new uses for existing data, how does your organization evaluate whether those uses are appropriate?','عند النظر في استخدامات جديدة للبيانات الموجودة، كيف تقيم مؤسستكم ما إذا كانت هذه الاستخدامات مناسبة؟','Your organization collects personal information from clients and customers, and you need to ensure this data is used ethically, transparently, and in compliance with relevant regulations and privacy laws.','مؤسستكم تحتاج لضمان أن جميع استخدامات البيانات أخلاقية ومتوافقة مع القوانين وتحافظ على ثقة أصحاب المصلحة من خلال الممارسات الشفافة والمسؤولة.','⚖️',25),
 ('Q26','LEADERSHIP','Leadership Data Advocacy','دعم القيادة لاتخاذ القرارات المبنية على البيانات','How actively does senior leadership champion data-driven decision making throughout the organization?','كم تدعم القيادة العليا بنشاط اتخاذ القرارات المبنية على البيانات في جميع أنحاء المؤسسة؟','Your organization''s senior leadership team is responsible for setting direction, making strategic decisions, investing in capabilities, and creating an environment where data can be effectively used throughout the organization.','القيادة العليا في مؤسستكم مسؤولة عن تحديد الاتجاه واتخاذ القرارات الاستراتيجية والاستثمار في القدرات وخلق بيئة يمكن فيها استخدام البيانات بفعالية في جميع أنحاء المؤسسة.','👑',26),
 ('Q27','LEADERSHIP','Leadership Adaptability to Data Insights','الاستجابة للحقائق الصعبة','When data reveals uncomfortable truths, how constructively does your organization''s leadership respond and adapt?','عندما تكشف البيانات حقائق غير مريحة، كم تستجيب قيادة مؤسستكم بشكل بناء وتتكيف؟','Your organization''s senior leadership team is responsible for setting direction, making strategic decisions, investing in capabilities, and creating an environment where data can be effectively used throughout the organization.','القيادة العليا في مؤسستكم مسؤولة عن تحديد الاتجاه واتخاذ القرارات الاستراتيجية والاستثمار في القدرات وخلق بيئة يمكن فيها استخدام البيانات بفعالية في جميع أنحاء المؤسسة.','🎯',27),
 ('Q28','LEADERSHIP','Strategic Investment in Data Capabilities','الاستثمار في التكنولوجيا','When investing in new technology or capabilities, how does your leadership prioritize data-related improvements?','عند الاستثمار في تكنولوجيا أو قدرات جديدة، كيف تعطي قيادتكم الأولوية للتحسينات المتعلقة بالبيانات؟','Your organization''s senior leadership team is responsible for setting direction, making strategic decisions, investing in capabilities, and creating an environment where data can be effectively used throughout the organization.','القيادة العليا في مؤسستكم مسؤولة عن تحديد الاتجاه واتخاذ القرارات الاستراتيجية والاستثمار في القدرات وخلق بيئة يمكن فيها استخدام البيانات بفعالية في جميع أنحاء المؤسسة.','💡',28),
 ('Q29','LEADERSHIP','Change Management for Data Initiatives','النمذجة القيادية','When implementing data-driven changes, how effectively does leadership manage organizational resistance and change?','كم تُظهر القيادة العليا في مؤسستكم استخدام البيانات في قراراتهم الخاصة؟','Your organization''s senior leadership team is responsible for setting direction, making strategic decisions, investing in capabilities, and creating an environment where data can be effectively used throughout the organization.','القيادة العليا في مؤسستكم مسؤولة عن تحديد الاتجاه واتخاذ القرارات الاستراتيجية والاستثمار في القدرات وخلق بيئة يمكن فيها استخدام البيانات بفعالية في جميع أنحاء المؤسسة.','🌟',29),
 ('Q30','TALENT','Technical and Analytical Talent Adequacy','المهارات الحالية','To what extent does your organization have the right mix of technical and analytical talent to support data initiatives?','كيف تصف مستوى مهارات البيانات الحالي في مؤسستكم؟','Your organization needs people with the right skills and capabilities to collect, analyze, and use data effectively at all levels, and must develop these capabilities over time as needs evolve.','مؤسستكم تحتاج للأشخاص المناسبين بالمهارات المناسبة لجمع وتحليل واستخدام البيانات بفعالية، سواء من خلال الموظفين الحاليين أو التوظيف الجديد أو التدريب والتطوير.','🧠',30),
 ('Q31','TALENT','Organization-wide Data Literacy Development','التدريب والتطوير','How well does your organization develop data fluency among staff at all levels, not just technical roles?','كيف تطور مؤسستكم مهارات البيانات بين موظفيكم؟','Your organization needs people with the right skills and capabilities to collect, analyze, and use data effectively at all levels, and must develop these capabilities over time as needs evolve.','مؤسستكم تحتاج للأشخاص المناسبين بالمهارات المناسبة لجمع وتحليل واستخدام البيانات بفعالية، سواء من خلال الموظفين الحاليين أو التوظيف الجديد أو التدريب والتطوير.','🎓',31),
 ('Q32','TALENT','Analytical Talent Acquisition and Retention','التوظيف والاحتفاظ','How successfully does your organization recruit and retain talent with strong analytical and data interpretation skills?','كم تنجح مؤسستكم في جذب والاحتفاظ بالأشخاص ذوي مهارات البيانات القوية؟','Your organization needs people with the right skills and capabilities to collect, analyze, and use data effectively at all levels, and must develop these capabilities over time as needs evolve.','مؤسستكم تحتاج للأشخاص المناسبين بالمهارات المناسبة لجمع وتحليل واستخدام البيانات بفعالية، سواء من خلال الموظفين الحاليين أو التوظيف الجديد أو التدريب والتطوير.','🏆',32),
 ('Q33','CULTURE','Data-Driven Innovation Culture','ثقافة البيانات','How effectively does your organization foster a culture where staff feel empowered to question assumptions using data?','كم يشعر الناس في مؤسستكم بالراحة في استخدام البيانات في عملهم اليومي؟','Your organization''s culture determines how comfortable people feel using data, sharing insights, collaborating across departments, experimenting with new approaches, and learning from both successes and failures.','ثقافة مؤسستكم تحدد مدى شعور الناس بالراحة في استخدام البيانات ومشاركة الرؤى والتعاون عبر الأقسام وتجريب أساليب جديدة والتعلم من النجاحات والإخفاقات.','💡',33),
 ('Q34','CULTURE','Cross-Functional Data Collaboration','التعاون متعدد الوظائف','How well does your organization create cross-functional collaboration between technical data teams and program staff?','كم تنجح مؤسستكم في خلق التعاون متعدد الوظائف بين فرق البيانات التقنية وموظفي البرامج؟','Your organization''s culture determines how comfortable people feel using data, sharing insights, collaborating across departments, experimenting with new approaches, and learning from both successes and failures.','ثقافة مؤسستكم تحدد مدى شعور الناس بالراحة في استخدام البيانات ومشاركة الرؤى والتعاون عبر الأقسام وتجريب أساليب جديدة والتعلم من النجاحات والإخفاقات.','🤝',34),
 ('Q35','CULTURE','Experimentation and Learning Culture','ثقافة التجريب والتعلم','To what extent does your organization''s culture encourage experimentation and learning from data-driven pilot programs?','إلى أي مدى تشجع ثقافة مؤسستكم التجريب والتعلم من البرامج التجريبية المبنية على البيانات؟','Your organization''s culture determines how comfortable people feel using data, sharing insights, collaborating across departments, experimenting with new approaches, and learning from both successes and failures.','ثقافة مؤسستكم تحدد مدى شعور الناس بالراحة في استخدام البيانات ومشاركة الرؤى والتعاون عبر الأقسام وتجريب أساليب جديدة والتعلم من النجاحات والإخفاقات.','🔬',35);
INSERT INTO "roles" ("id","name_en","name_ar","description_en","description_ar","focus_en","focus_ar","recommendations_en","recommendations_ar","display_order") VALUES ('executive','Executive/C-Suite Level','المستوى التنفيذي/كبار القادة','CEO, COO, CTO, CDO, VP Strategy','الرئيس التنفيذي، مدير العمليات، مدير التكنولوجيا، نائب رئيس الاستراتيجية','Strategic decision-making and direction','اتخاذ القرارات الاستراتيجية والتوجيه','Strategic leadership recommendations','توصيات القيادة الاستراتيجية',1),
 ('it-technology','IT/Technology Department','قسم تكنولوجيا المعلومات/التكنولوجيا','IT Director, Data Engineer, System Admin','مدير تكنولوجيا المعلومات، مهندس البيانات، مدير النظم','Technical systems and infrastructure','الأنظمة التقنية والبنية التحتية','Technical infrastructure recommendations','توصيات البنية التحتية التقنية',2),
 ('operations','Operations & Program Management','العمليات وإدارة البرامج','Program Manager, Operations Director','مدير البرامج، مدير العمليات','Day-to-day operations and program delivery','العمليات اليومية وتسليم البرامج','Operational efficiency recommendations','توصيات الكفاءة التشغيلية',3),
 ('analytics','Data & Analytics','البيانات والتحليلات','Data Analyst, Business Intelligence, Researcher','محلل البيانات، ذكاء الأعمال، باحث','Data analysis and insights generation','تحليل البيانات وتوليد الرؤى','Analytics and insights recommendations','توصيات التحليلات والرؤى',4),
 ('compliance','Compliance & Risk Management','الامتثال وإدارة المخاطر','Compliance Officer, Risk Manager, Legal','مسؤول الامتثال، مدير المخاطر، قانوني','Governance, risk, and regulatory compliance','الحوكمة والمخاطر والامتثال التنظيمي','Governance and compliance recommendations','توصيات الحوكمة والامتثال',5);
INSERT INTO "subdomains" ("id","domain_id","name_en","name_ar","description_en","description_ar","display_order") VALUES ('DATA_COLLECTION','DATA_LIFECYCLE','Data Collection','جمع البيانات','The organization''s approach to systematically identifying, gathering, and capturing data from various sources','نهج المؤسسة لتحديد وجمع والتقاط البيانات بشكل منهجي من مصادر مختلفة',1),
 ('INFRASTRUCTURE','DATA_LIFECYCLE','Infrastructure','البنية التحتية','Technical foundation and systems capability for storing, processing, and integrating data effectively','الأساس التقني وقدرات الأنظمة لتخزين ومعالجة ودمج البيانات بفعالية',2),
 ('QUALITY','DATA_LIFECYCLE','Quality','الجودة','Systematic management of data accuracy, consistency, and reliability throughout the organization','الإدارة المنهجية لدقة البيانات واتساقها وموثوقيتها في جميع أنحاء المؤسسة',3),
 ('ANALYSIS','DATA_LIFECYCLE','Analysis','التحليل','Sophistication and depth of organizational capability to examine data, understand patterns, and generate insights','تطور وعمق القدرة التنظيمية لفحص البيانات وفهم الأنماط وتوليد الرؤى',4),
 ('APPLICATION','DATA_LIFECYCLE','Application','التطبيق','Organizational effectiveness in converting data insights into concrete actions and operational improvements','الفعالية التنظيمية في تحويل رؤى البيانات إلى إجراءات ملموسة وتحسينات تشغيلية',5),
 ('STRATEGY','DATA_LIFECYCLE','Strategy','الاستراتيجية','Integration of data insights into high-level organizational decision-making and strategic planning','دمج رؤى البيانات في صنع القرار التنظيمي عالي المستوى والتخطيط الاستراتيجي',6),
 ('SECURITY','GOVERNANCE_PROTECTION','Security','الأمان','Protection of data assets through access controls, monitoring, and recovery capabilities','حماية أصول البيانات من خلال ضوابط الوصول والمراقبة وقدرات الاسترداد',7),
 ('RESPONSIBLE','GOVERNANCE_PROTECTION','Responsible Use','الاستخدام المسؤول','Ethical data practices, regulatory compliance, and stakeholder trust through transparent and responsible data use','ممارسات البيانات الأخلاقية والامتثال التنظيمي وثقة أصحاب المصلحة من خلال الاستخدام الشفاف والمسؤول للبيانات',8),
 ('LEADERSHIP','ORGANIZATIONAL_ENABLERS','Leadership','القيادة','Executive commitment, support, and modeling of data-driven decision making throughout the organization','التزام التنفيذيين ودعمهم ونمذجة صنع القرار المدفوع بالبيانات في جميع أنحاء المؤسسة',9),
 ('TALENT','ORGANIZATIONAL_ENABLERS','Talent','المواهب','Organizational capability to attract, develop, and retain the human skills necessary for effective data use','القدرة التنظيمية على جذب وتطوير والاحتفاظ بالمهارات البشرية اللازمة للاستخدام الفعال للبيانات',10),
 ('CULTURE','ORGANIZATIONAL_ENABLERS','Culture','الثقافة','Organizational attitudes, behaviors, and norms that encourage or inhibit effective data use and collaboration','المواقف والسلوكيات والمعايير التنظيمية التي تشجع أو تثبط الاستخدام الفعال للبيانات والتعاون',11);
INSERT INTO "user_responses" ("id","session_id","question_id","option_key","score_value","answered_at","assessment_code") VALUES ('response_session_1755782282067_mzd64yph5_Q1','session_1755782282067_mzd64yph5','Q1','5',5,'2025-08-21 13:18:09',NULL),
 ('response_session_1755782282067_mzd64yph5_Q2','session_1755782282067_mzd64yph5','Q2','2',2,'2025-08-21 13:18:09',NULL),
 ('response_session_1755969706559_sw73s9srx_Q1','session_1755969706559_sw73s9srx','Q1','2',2,'2025-08-23 17:21:51',NULL),
 ('response_session_1755969706559_sw73s9srx_Q2','session_1755969706559_sw73s9srx','Q2','1',1,'2025-08-23 17:21:51',NULL),
 ('response_session_1756023960028_mb3677uit_Q1','session_1756023960028_mb3677uit','Q1','2',2,'2025-08-24 08:26:06',NULL),
 ('response_session_1755782282049_4jifpkaex_Q1','session_1755782282049_4jifpkaex','Q1','3',3,'2025-08-24 14:30:38',NULL),
 ('response_session_1755782282049_4jifpkaex_Q2','session_1755782282049_4jifpkaex','Q2','1',1,'2025-08-24 14:30:38',NULL),
 ('response_session_1755782282049_4jifpkaex_Q3','session_1755782282049_4jifpkaex','Q3','4',4,'2025-08-24 14:30:38',NULL),
 ('response_session_1755782282049_4jifpkaex_Q4','session_1755782282049_4jifpkaex','Q4','3',3,'2025-08-24 14:30:38',NULL),
 ('response_session_1755782282049_4jifpkaex_Q5','session_1755782282049_4jifpkaex','Q5','3',3,'2025-08-24 14:30:38',NULL),
 ('response_session_1755782282049_4jifpkaex_Q6','session_1755782282049_4jifpkaex','Q6','5',5,'2025-08-24 14:30:38',NULL),
 ('response_session_1755782282049_4jifpkaex_Q7','session_1755782282049_4jifpkaex','Q7','1',1,'2025-08-24 14:30:38',NULL),
 ('response_session_1755782282049_4jifpkaex_Q8','session_1755782282049_4jifpkaex','Q8','5',5,'2025-08-24 14:30:38',NULL),
 ('response_session_1755782282049_4jifpkaex_Q9','session_1755782282049_4jifpkaex','Q9','5',5,'2025-08-24 14:30:38',NULL),
 ('response_session_1756045852648_fu4rupeeu_Q9','session_1756045852648_fu4rupeeu','Q9','2',2,'2025-08-24 14:33:47','TEST2020'),
 ('response_session_1756045852648_fu4rupeeu_Q10','session_1756045852648_fu4rupeeu','Q10','5',5,'2025-08-24 14:33:47','TEST2020'),
 ('response_session_1756045852648_fu4rupeeu_Q11','session_1756045852648_fu4rupeeu','Q11','4',4,'2025-08-24 14:33:47','TEST2020'),
 ('response_session_1756045852648_fu4rupeeu_Q12','session_1756045852648_fu4rupeeu','Q12','1',1,'2025-08-24 14:33:47','TEST2020'),
 ('response_session_1756045852648_fu4rupeeu_Q13','session_1756045852648_fu4rupeeu','Q13','2',2,'2025-08-24 14:33:47','TEST2020'),
 ('response_session_1756045852648_fu4rupeeu_Q14','session_1756045852648_fu4rupeeu','Q14','1',1,'2025-08-24 14:33:47','TEST2020'),
 ('response_session_1756045852648_fu4rupeeu_Q15','session_1756045852648_fu4rupeeu','Q15','3',3,'2025-08-24 14:33:47','TEST2020'),
 ('response_session_1756045852648_fu4rupeeu_Q16','session_1756045852648_fu4rupeeu','Q16','4',4,'2025-08-24 14:33:47','TEST2020'),
 ('response_session_1756045852648_fu4rupeeu_Q17','session_1756045852648_fu4rupeeu','Q17','3',3,'2025-08-24 14:33:47','TEST2020'),
 ('response_session_1756045852648_fu4rupeeu_Q18','session_1756045852648_fu4rupeeu','Q18','3',3,'2025-08-24 14:33:47','TEST2020'),
 ('response_session_1756045852648_fu4rupeeu_Q19','session_1756045852648_fu4rupeeu','Q19','1',1,'2025-08-24 14:33:47','TEST2020'),
 ('response_session_1756045852648_fu4rupeeu_Q20','session_1756045852648_fu4rupeeu','Q20','2',2,'2025-08-24 14:33:47','TEST2020'),
 ('response_session_1756045852648_fu4rupeeu_Q21','session_1756045852648_fu4rupeeu','Q21','3',3,'2025-08-24 14:33:47','TEST2020'),
 ('response_session_1756045852648_fu4rupeeu_Q22','session_1756045852648_fu4rupeeu','Q22','5',5,'2025-08-24 14:33:47','TEST2020'),
 ('response_session_1756045852648_fu4rupeeu_Q23','session_1756045852648_fu4rupeeu','Q23','ns',0,'2025-08-24 14:33:47','TEST2020'),
 ('response_session_1756045852648_fu4rupeeu_Q24','session_1756045852648_fu4rupeeu','Q24','4',4,'2025-08-24 14:33:47','TEST2020'),
 ('response_session_1756045852648_fu4rupeeu_Q25','session_1756045852648_fu4rupeeu','Q25','1',1,'2025-08-24 14:33:47','TEST2020'),
 ('response_session_1756045852648_fu4rupeeu_Q26','session_1756045852648_fu4rupeeu','Q26','1',1,'2025-08-24 14:33:47','TEST2020'),
 ('response_session_1756045852648_fu4rupeeu_Q27','session_1756045852648_fu4rupeeu','Q27','3',3,'2025-08-24 14:33:47','TEST2020'),
 ('response_session_1756045852648_fu4rupeeu_Q28','session_1756045852648_fu4rupeeu','Q28','1',1,'2025-08-24 14:33:47','TEST2020'),
 ('response_session_1756045852648_fu4rupeeu_Q29','session_1756045852648_fu4rupeeu','Q29','2',2,'2025-08-24 14:33:47','TEST2020'),
 ('response_session_1756045852648_fu4rupeeu_Q30','session_1756045852648_fu4rupeeu','Q30','1',1,'2025-08-24 14:33:47','TEST2020'),
 ('response_session_1756045852648_fu4rupeeu_Q31','session_1756045852648_fu4rupeeu','Q31','1',1,'2025-08-24 14:33:47','TEST2020'),
 ('response_session_1756045852648_fu4rupeeu_Q32','session_1756045852648_fu4rupeeu','Q32','na',0,'2025-08-24 14:33:47','TEST2020'),
 ('response_session_1756045852648_fu4rupeeu_Q33','session_1756045852648_fu4rupeeu','Q33','4',4,'2025-08-24 14:33:47','TEST2020'),
 ('response_session_1756045852648_fu4rupeeu_Q34','session_1756045852648_fu4rupeeu','Q34','5',5,'2025-08-24 14:33:47','TEST2020'),
 ('response_session_1756045852648_fu4rupeeu_Q35','session_1756045852648_fu4rupeeu','Q35','2',2,'2025-08-24 14:33:47','TEST2020'),
 ('response_session_1756045852648_fu4rupeeu_Q8','session_1756045852648_fu4rupeeu','Q8','2',2,'2025-08-24 14:33:47','TEST2020'),
 ('response_session_1756045852648_fu4rupeeu_Q1','session_1756045852648_fu4rupeeu','Q1','3',3,'2025-08-24 14:33:47','TEST2020'),
 ('response_session_1756045852648_fu4rupeeu_Q2','session_1756045852648_fu4rupeeu','Q2','1',1,'2025-08-24 14:33:47','TEST2020'),
 ('response_session_1756045852648_fu4rupeeu_Q3','session_1756045852648_fu4rupeeu','Q3','2',2,'2025-08-24 14:33:47','TEST2020'),
 ('response_session_1756045852648_fu4rupeeu_Q4','session_1756045852648_fu4rupeeu','Q4','3',3,'2025-08-24 14:33:47','TEST2020'),
 ('response_session_1756045852648_fu4rupeeu_Q5','session_1756045852648_fu4rupeeu','Q5','5',5,'2025-08-24 14:33:47','TEST2020'),
 ('response_session_1756045852648_fu4rupeeu_Q6','session_1756045852648_fu4rupeeu','Q6','4',4,'2025-08-24 14:33:47','TEST2020'),
 ('response_session_1756045852648_fu4rupeeu_Q7','session_1756045852648_fu4rupeeu','Q7','3',3,'2025-08-24 14:33:47','TEST2020');
INSERT INTO "users" ("id","name","organization","role_title","email","assessment_code","selected_role_id","created_at","updated_at") VALUES ('user_1755782282013_a4349xf9t','Aley Mahmoud','Test Organization 2025','Data Analyst','AleyMahmoud@Mail.com','TEST2020','operations','2025-08-21 13:18:02','2025-08-21 13:18:02'),
 ('user_1755969706525_svbqv6nm0','Aley Mahmoud Ali','Test Organization 2029','Data Analyst Heads','AleyMahmoud@mail2.com','TEST2022','compliance','2025-08-23 17:21:46',0),
 ('user_1756023959998_yqfeoxb5p','Aley Mahmoud','Test Organization 2025','Data Analyst','AleyMahmoud@Mail.com','TEST2021',NULL,'2025-08-24 08:25:59','2025-08-24 08:25:59');
INSERT INTO "users0" ("id","name","organization","role_title","email","created_at","updated_at","assessment_code","selected_role") VALUES ('user_1755782282013_a4349xf9t','Aley Mahmoud','Test Organization 2025','Data Analyst','AleyMahmoud@Mail.com','2025-08-21 13:18:02','2025-08-21 13:18:02','TEST2020','operations');
CREATE INDEX idx_session_scores_session ON session_scores(session_id);
CREATE INDEX idx_sessions_user ON assessment_sessions(user_id);
CREATE INDEX idx_user_responses_question ON user_responses(question_id);
CREATE INDEX idx_user_responses_session ON user_responses(session_id);
COMMIT;
